id:long,latitude:double,longitude:double
122480,53.0354738,8.6765522
125801,53.0707458,8.7820797
125815,53.0531576,8.736811
125834,53.0350249,8.6203969
140464,53.0318282,8.6535932
140465,53.0324181,8.6547001
20958816,53.0984451,8.8710006
20958819,53.1013316,8.8760009
20958823,53.101634,8.8805731
20973858,53.0974051,8.86891
20973864,53.0959036,8.8706285
20973867,53.0971022,8.87012
20973869,53.0971582,8.8698447
20973870,53.0951195,8.8646679
20973872,53.0958178,8.8649145
20973891,53.1012015,8.8816331
20973894,53.1002332,8.8842715
20973895,53.099723,8.8858872
20973901,53.100125,8.9026586
20973902,53.1016854,8.8806867
20973903,53.103151,8.8821176
20973904,53.1053144,8.8842517
20973907,53.109207,8.8878168
20973910,53.1109904,8.8824285
20973911,53.112032,8.880339
20973916,53.1159875,8.8757054
20973971,53.1395794,8.7429251
20973973,53.1734561,8.7161366
20974059,53.0787097,8.8224002
20974060,53.0785987,8.822666
20974085,53.083065,8.8416396
20974091,53.0849574,8.847543
20974094,53.0850947,8.8498995
20974096,53.0853043,8.8511974
20974098,53.0860206,8.8522839
20974100,53.0867042,8.8532472
20974618,53.0997043,8.9009935
20974622,53.0992537,8.9040876
20974624,53.0981072,8.9061631
20974625,53.0975929,8.9072892
20974628,53.0954519,8.9120872
20974632,53.0931943,8.9167189
20974643,53.0903412,8.9354075
20974644,53.0909458,8.9372529
20974686,53.0973375,8.8819192
20974687,53.0969837,8.8853698
20974700,53.0970778,8.8863347
20974701,53.0969525,8.8881076
20974704,53.0987702,8.8897897
20974707,53.0978664,8.8909028
20974715,53.0984002,8.8936645
20974718,53.0985183,8.8914171
20974731,53.0952464,8.8679188
20974906,53.0949843,8.8645895
20974908,53.0946464,8.8663486
20980322,53.0870281,8.8509752
20980325,53.0861318,8.8522765
20980326,53.0887391,8.8563714
20980329,53.0894575,8.8563842
20980330,53.0906647,8.8568201
20980335,53.0925461,8.8573166
20980341,53.0941689,8.854545
20980347,53.0952894,8.8522857
20980348,53.0956417,8.8517186
20980355,53.0967936,8.8535394
20980385,53.092489,8.8626445
20980388,53.094171,8.8640289
20980398,53.0938068,8.8539663
20980428,53.1034362,8.8490184
20980429,53.1035094,8.8487743
20980433,53.1022224,8.8480166
20980438,53.1022997,8.8477759
20980448,53.1015768,8.8540933
20980455,53.1030749,8.8554592
20980458,53.1044507,8.8525311
20980459,53.1050611,8.850332
20980461,53.1030945,8.8569422
20980462,53.1033742,8.8558018
20980466,53.1028296,8.8594141
20980472,53.1068285,8.8518181
20980484,53.1122213,8.8564461
20980485,53.1123009,8.8561825
20980487,53.1106106,8.8548161
20980488,53.1105417,8.8550372
20980492,53.109671,8.8579216
20980493,53.1113384,8.8593698
20980494,53.1120617,8.85997
20980506,53.1065482,8.8549872
20980507,53.1062104,8.8544347
20980511,53.1045493,8.8526258
20980529,53.1050001,8.8530964
20992558,53.0972046,8.8630963
20992566,53.0900093,8.8580633
20992593,53.0975299,8.8658409
20992601,53.0901481,8.8628492
20992609,53.0884771,8.8611209
20992610,53.0878686,8.8603197
20992611,53.0868194,8.8589169
20992613,53.0843173,8.855586
20992614,53.0841667,8.8553811
20992616,53.0829369,8.8532892
20992618,53.0844556,8.8508299
20994026,53.0935346,8.8535157
20995636,53.1127709,8.8476242
20995700,53.1059475,8.8425738
20995706,53.1061801,8.8455032
20997187,53.0965416,8.8651732
21026339,53.1091542,8.8880182
21030845,53.0710814,8.78565
21030846,53.0710825,8.7854542
21030847,53.0709697,8.7854506
21030850,53.0705649,8.7863334
21030851,53.0699051,8.7874922
21030852,53.0717981,8.7843257
21030854,53.0733299,8.7863187
21030857,53.0691301,8.7888723
21030861,53.0645858,8.7969074
21030862,53.0627271,8.7995615
21030863,53.0617666,8.8009409
21030865,53.0710399,8.78922
21030868,53.0739065,8.7934229
21030869,53.0743366,8.7940626
21030870,53.0751723,8.7953919
21030886,53.0829475,8.8085963
21050483,53.0915213,8.8718501
21050495,53.0915576,8.8715593
21050507,53.0886296,8.8704361
21050511,53.087633,8.8706745
21050512,53.0875277,8.8709132
21050517,53.0858379,8.8721775
21050518,53.0858499,8.8724121
21050519,53.0847409,8.8731193
21050520,53.0851659,8.873101
21050523,53.0832587,8.8745293
21050524,53.0833436,8.8747857
21050527,53.0828058,8.8753029
21050528,53.0829814,8.8768672
21050529,53.0824538,8.8751861
21050530,53.0820854,8.8755302
21050531,53.0821091,8.8760202
21050532,53.0824945,8.8756975
21050539,53.0790951,8.8784541
21050540,53.0791149,8.8787822
21050541,53.078899,8.8786251
21050542,53.0789192,8.8789454
21050547,53.0767421,8.8806226
21050698,53.1081043,8.8649069
21063409,53.0903315,8.8629196
21063413,53.0893458,8.8587135
21063414,53.0888736,8.8562682
21063426,53.0852561,8.8498563
21063438,53.0869648,8.8510656
21069511,53.0969714,8.8865197
21069515,53.0961009,8.8886372
21069520,53.0949127,8.8906289
21069521,53.0946709,8.8905184
21069583,53.0993661,8.861538
21069584,53.0992637,8.8625896
21095886,53.0922259,8.8666025
21095910,53.0944065,8.8704506
21095912,53.0933493,8.8704519
21095913,53.0910821,8.8672956
21095915,53.0946611,8.8501291
21095917,53.0931789,8.8477044
21095918,53.0959229,8.8522387
21096059,53.0746113,8.869527
21096069,53.0792999,8.8923695
21096075,53.0784465,8.9101576
21096076,53.0784301,8.9116676
21096107,53.0870099,8.8471604
21096110,53.0861887,8.8492678
21096111,53.085844,8.8496849
21096135,53.0886542,8.851869
21096145,53.0930765,8.8527542
21096257,53.0893799,8.8509046
21096259,53.0899312,8.8504063
21096263,53.0925453,8.8486545
21096277,53.0890861,8.8501302
21096503,53.0887285,8.8425195
21105772,53.1069393,8.8748162
21105775,53.10707,8.874197
21106532,53.1128461,8.8697554
21107573,53.1013033,8.8747854
21107574,53.0995296,8.8720323
21108148,53.0980451,8.8748066
21108150,53.0977764,8.8774904
21108153,53.0997574,8.8764599
21108176,53.1009165,8.8823686
21110231,53.107892,8.8648566
21110242,53.1159631,8.873136
21110248,53.1091096,8.8877174
21110251,53.1089932,8.8886961
21110255,53.1053774,8.8840746
21110266,53.1014208,8.8773514
21112028,53.1107691,8.8677329
21112029,53.1111428,8.8679059
21112043,53.0921536,8.8698533
21112044,53.092324,8.8712412
21112117,53.1013836,8.8737772
21112137,53.1134057,8.8592093
21112149,53.1398028,8.7422633
21150873,53.1079062,8.8729365
21150875,53.1125134,8.8624443
21261601,53.0914509,8.835177
21261604,53.0925722,8.8320819
21261605,53.0944411,8.8334739
21261608,53.0935507,8.8367151
21261611,53.092672,8.8413789
21261613,53.0916252,8.8439824
21261614,53.0914238,8.8444968
21261615,53.0910224,8.8455203
21261624,53.0877145,8.849996
21261659,53.0867899,8.8560592
21261665,53.0858785,8.8576547
21261666,53.088615,8.8555433
21261679,53.0872229,8.8594585
21261680,53.0890254,8.8579754
21261689,53.0894306,8.8592654
21268863,53.0370291,8.8789011
21316748,53.0638771,8.808439
21316784,53.0760236,8.8114567
21316791,53.0749497,8.8112695
21316808,53.0526556,8.8176801
21317359,53.088225,8.8408539
21317362,53.0871013,8.8364198
21317370,53.0842562,8.8245935
21317372,53.0840626,8.8204627
21317373,53.0837018,8.8184002
21317375,53.0845177,8.8246403
21317376,53.084271,8.8250617
21384805,53.097269,8.8826371
21384806,53.0977304,8.8827701
21390128,53.0841968,8.8247978
21390153,53.0834062,8.8173177
21396367,53.1001829,8.8749605
21436568,53.1124011,8.8616402
21436577,53.1069573,8.8632947
21436583,53.1098681,8.8674987
21436585,53.1100282,8.868098
21484245,53.1106233,8.8667391
21484246,53.1104065,8.8662714
21484252,53.1080456,8.8716353
21484262,53.1097025,8.8665258
21484263,53.1093197,8.8663415
21523086,53.1035835,8.8651434
21523089,53.1025777,8.8641676
21523091,53.1028229,8.8629215
21523092,53.102824,8.8612148
21523095,53.1047701,8.8594384
21523099,53.1050858,8.8581723
21523100,53.1051862,8.8580506
21523107,53.1056142,8.8633924
21523108,53.1063576,8.8636585
21523109,53.106699,8.8626636
21523110,53.1067883,8.8625391
21523174,53.13002,8.8641203
21530605,53.0763471,8.7971298
21558545,53.101868,8.8260061
21558764,53.1018948,8.8162463
21558766,53.1021322,8.8150771
21558767,53.1039045,8.8163739
21558774,53.102163,8.8093471
21558775,53.1022627,8.8112644
21558779,53.1020441,8.7884918
21558781,53.1016888,8.7888186
21558782,53.1013517,8.7891329
21558785,53.1007801,8.7911402
21558787,53.0999148,8.7909289
21558789,53.099037,8.790856
21558793,53.0996568,8.7939604
21558805,53.1021955,8.8028151
21558806,53.1022523,8.7850446
21558808,53.1033797,8.7886071
21558809,53.1026089,8.789643
21558810,53.102328,8.79023
21558811,53.1019728,8.7914193
21558812,53.101488,8.7913013
21558815,53.0999179,8.7899376
21558819,53.0914667,8.7932011
21558820,53.0895301,8.7947614
21558824,53.0891504,8.794337
21558841,53.0888102,8.793221
21558849,53.0862223,8.7973805
21558853,53.084572,8.794942
21558861,53.0885691,8.785204
21558869,53.0957837,8.780108
21560646,53.0985052,8.790548
21560647,53.096759,8.7899741
21638623,53.0791454,8.7896946
21638624,53.0811346,8.7911865
21638625,53.0809247,8.7911876
21638633,53.0825334,8.7963833
21638636,53.0836526,8.7970262
21638638,53.0801317,8.8035731
21638646,53.0801261,8.8111244
21638648,53.0808558,8.8126383
21638649,53.0809565,8.8129672
21638650,53.0810279,8.8128081
21638651,53.0809263,8.8125146
21638657,53.0811922,8.8140328
21638660,53.0781472,8.8235132
21638663,53.0793047,8.8237428
21638666,53.0805217,8.8195352
21638673,53.0771346,8.8116494
21638680,53.0701889,8.8165004
21638681,53.070777,8.816738
21638682,53.0716149,8.8169513
21638685,53.0729684,8.8168259
21638691,53.0771549,8.8153159
21638692,53.0773057,8.8151844
21638695,53.0775708,8.8145621
21638696,53.0778408,8.8141397
21638699,53.0784934,8.8130598
21638701,53.0790025,8.8122244
21638892,53.0789327,8.8254658
21638893,53.0850058,8.847377
21638899,53.0831911,8.841556
21638905,53.0818452,8.8337783
21638934,53.0583111,8.8841675
21638939,53.0586019,8.8927429
21638960,53.0530768,8.7369136
21638973,53.0707873,8.7823499
21638974,53.0313239,8.6659976
21701583,53.0798507,8.9140771
21701584,53.0798542,8.9134704
21724995,53.0680596,8.7804883
21725001,53.0672536,8.7817018
21725003,53.0667905,8.7822816
21725004,53.0668634,8.7824115
21725008,53.0634481,8.7871817
21725035,53.0468108,8.8242996
21725036,53.0467688,8.8247768
21725041,53.0426248,8.8367605
21725047,53.0381688,8.8459728
21725048,53.0383804,8.8458478
21725102,53.068787,8.7794839
21729995,53.0927615,8.7931961
21730003,53.0856686,8.7956654
21730014,53.0928999,8.7933542
21730025,53.1173514,8.8060011
21730029,53.1001286,8.7970653
21777433,53.0835291,8.8171902
21777439,53.0838177,8.818455
21777445,53.0842854,8.8216911
21777449,53.0844236,8.8245351
21778937,53.0844606,8.8250786
21778948,53.0845471,8.8249071
21963411,53.0407839,8.8417525
21963463,53.0457156,8.8449617
21963469,53.0474465,8.8461877
21963473,53.0482834,8.8469076
21963490,53.0497483,8.8480544
21963499,53.0499186,8.8473488
21963529,53.0457581,8.8447849
21963542,53.0410285,8.8412222
21963545,53.0404518,8.8408441
21963549,53.0400992,8.8416192
21963557,53.047354,8.8468043
21992225,53.1410632,8.7410055
21992256,53.148189,8.7398905
21992283,53.1451468,8.7381558
21992286,53.1431682,8.7370635
21992294,53.1441291,8.7363085
23674284,53.0356667,8.7267305
23674288,53.0388061,8.7287902
23674302,53.0489786,8.739593
23674310,53.0513227,8.7400096
23674333,53.0526379,8.7410477
23674337,53.0535145,8.7472247
23674355,53.0530541,8.7407189
23674361,53.0526482,8.7407653
23674371,53.0550328,8.739538
23674384,53.0584074,8.7338031
25073422,53.0802103,8.803275
25074038,53.0830202,8.8084544
25096896,53.1777179,8.7497941
25232822,53.0378226,8.8373527
25232828,53.0354739,8.8413
25232831,53.0344644,8.8434683
25232835,53.0331224,8.8457113
25232839,53.0310647,8.8448828
25232859,53.0393861,8.8400369
25233382,53.0550432,8.799563
25233390,53.0561802,8.79568
25233449,53.0555443,8.7848862
25233458,53.0549615,8.7860987
25233463,53.0539858,8.7850099
25233482,53.0551482,8.7830616
25233494,53.0573094,8.786302
25264881,53.0924572,8.8517405
25264883,53.091385,8.8495388
25264884,53.0909571,8.8497985
25264886,53.0899451,8.8468717
25264887,53.0907896,8.8461297
25350580,53.1034636,8.855925
25350583,53.1051464,8.8504859
25350584,53.1051738,8.8503647
25350588,53.1062867,8.8455473
25350591,53.1060143,8.8424156
25355193,53.0600626,8.7849304
25355194,53.0595872,8.7850585
25355305,53.0572392,8.7860726
25464782,53.0887115,8.7854671
25464786,53.0947512,8.778632
25464787,53.0958751,8.7775839
25464844,53.0829432,8.7870297
25478580,53.0944865,8.8333053
25478581,53.0926092,8.8319255
25478586,53.0847422,8.8253784
25478589,53.0845568,8.8243911
25479689,53.0846666,8.826312
25479692,53.0840088,8.8254594
25479701,53.084842,8.8257302
25479707,53.0834676,8.8236027
25479708,53.0828584,8.8227225
25479709,53.0821714,8.8217398
25479710,53.0813631,8.8206477
25479711,53.0821321,8.8218137
25479712,53.0828353,8.8228214
25479713,53.0834265,8.8236868
25479715,53.0846437,8.8241051
25565558,53.0735819,8.8061535
25565563,53.0714402,8.801234
25565568,53.0713109,8.8015066
25565575,53.0737051,8.80636
25600151,53.0582299,8.7911153
25600168,53.0627283,8.7880175
25600172,53.0476221,8.8463418
25637532,53.0326098,8.6623418
25637566,53.0328087,8.661844
25637586,53.034632,8.6500378
25637590,53.0364408,8.6478065
25637593,53.040317,8.6430912
25637599,53.0435422,8.6390998
25637601,53.0439335,8.638654
25637604,53.0451743,8.6376811
25637622,53.0497135,8.634085
25637625,53.0501207,8.6335058
25637640,53.0521845,8.6332281
25637641,53.0522149,8.6333996
25637643,53.0526995,8.6330018
25637644,53.0527205,8.6331776
25637666,53.0519783,8.6310036
25677833,53.0609252,8.8021362
25677835,53.0592743,8.8045003
25678382,53.0820916,8.869295
25678385,53.0824149,8.8630672
25678388,53.0825043,8.8566091
25678390,53.0824573,8.8605135
25678393,53.0819938,8.8692283
25680638,53.046778,8.8180821
25680639,53.0479026,8.8188778
25680640,53.0484057,8.818581
25680644,53.049808,8.8138529
25680648,53.0458923,8.820205
25680651,53.0441668,8.8235785
25680654,53.0418521,8.828937
25680656,53.0399206,8.833102
25680657,53.0388148,8.8354587
25680659,53.0399042,8.8410101
25680662,53.0402183,8.8413573
25680663,53.0426912,8.8368957
25715079,53.0537541,8.78481
25715087,53.0550887,8.7829335
25715090,53.0539092,8.7819778
25715108,53.0577473,8.7840124
25715115,53.0550401,8.7803376
25715125,53.0529179,8.7759242
25715136,53.0463599,8.8178548
25715140,53.0431221,8.8160461
25715145,53.0390376,8.8138629
25715149,53.0345344,8.8109094
25715211,53.0550907,8.7810974
25715212,53.0550093,8.7811108
25724882,53.0986476,8.8397669
25724884,53.097828,8.8430627
25724885,53.0973416,8.844769
25728415,53.1112189,8.8148274
25728417,53.1113856,8.8164796
25728420,53.1123453,8.8223503
25733750,53.0598834,8.7861011
25733764,53.067788,8.7760731
25733767,53.0674275,8.7762192
25733787,53.0753629,8.7603117
25733795,53.0756511,8.7525749
25733803,53.0755241,8.7526752
25733820,53.0750669,8.7607022
25733854,53.0775333,8.739446
25733866,53.0767054,8.7422197
25733888,53.0966472,8.6894457
25733890,53.0972729,8.6894362
25733960,53.0543191,8.7899499
25733971,53.0628315,8.7881435
25733974,53.0650023,8.7915422
25733975,53.0663678,8.793733
25733976,53.067603,8.7955844
25733977,53.0685632,8.7970299
25733982,53.0539266,8.7851749
25733984,53.0730208,8.8069027
25733986,53.0721529,8.8090095
25733987,53.0718001,8.8105614
25733996,53.0770015,8.8185566
25733999,53.0767282,8.8198452
25734004,53.0775218,8.8195012
25734014,53.0792671,8.8160344
25734015,53.0791235,8.8160178
25734017,53.0685662,8.7853034
25740330,53.0336579,8.6634915
25740954,53.0310808,8.6557371
25742515,53.1031387,8.8677938
25742529,53.1029238,8.8682309
25742531,53.1024226,8.86951
25742548,53.1018261,8.871746
25743311,53.1357208,8.7150499
25745672,53.1003925,8.8693035
25745675,53.101268,8.8703394
25745745,53.1007646,8.8682255
25745893,53.0991022,8.8641735
25745894,53.0989396,8.865874
25745895,53.0988062,8.8673095
25745896,53.0985544,8.8697913
25745901,53.1019157,8.8688963
25745929,53.0996658,8.8609385
25746982,53.0649,8.8534673
25746987,53.0689267,8.8245928
25746990,53.0694808,8.8198249
25746991,53.0502782,8.8484162
25746992,53.0511429,8.8490008
25746994,53.0531593,8.8503357
25747004,53.0640168,8.8532406
25747010,53.0720096,8.8095558
25747015,53.0628335,8.787882
25747016,53.0629248,8.7879807
25747443,53.0784223,8.8213532
25747448,53.0780387,8.8197269
25747456,53.0777303,8.8237896
25747457,53.0772091,8.8237907
25748411,53.0795339,8.8046789
25748415,53.0797077,8.8037766
25748557,53.061797,8.8049037
25748558,53.06212,8.8044431
25748559,53.0624464,8.8039704
25748560,53.0627717,8.8035219
25748561,53.0639359,8.8018571
25748562,53.0637559,8.8021107
25748563,53.063436,8.8025592
25748564,53.0630834,8.8030734
25748567,53.061346,8.808461
25748569,53.0626787,8.8065543
25749214,53.0486198,8.8186838
25749235,53.0495767,8.8197677
25749244,53.0500486,8.8133704
25751735,53.0943199,8.8943398
25751736,53.094215,8.8949965
25751975,53.0941125,8.8976612
25752922,53.0787361,8.8004466
25756847,53.0456072,8.8458874
25756848,53.0459845,8.8436826
25756855,53.0462314,8.8423297
25756864,53.0484521,8.8350456
25756865,53.0476293,8.8378155
25756882,53.048071,8.8430979
25756892,53.0481189,8.8474692
25756894,53.0477725,8.8497474
25756906,53.0513772,8.8484505
25756910,53.0504336,8.8495587
25756918,53.0505333,8.8528251
25756921,53.0505127,8.8521426
25757138,53.0505105,8.8485905
25757140,53.0458268,8.8450392
25757141,53.0458706,8.8448692
25757293,53.0308595,8.8623957
25757319,53.0303214,8.8623264
25757785,53.0306904,8.857443
25757786,53.0309056,8.8574493
25757789,53.0320804,8.8656674
25761835,53.0959384,8.8753635
25761838,53.0961167,8.8792467
25769711,53.0373453,8.8808515
25778831,53.0304055,8.8517202
25778833,53.0312713,8.8507674
25778835,53.0315654,8.8493862
25778836,53.0305063,8.848306
25778897,53.110823,8.8081393
25778914,53.1113392,8.8153324
25778915,53.111392,8.8159489
25778918,53.111787,8.8162648
25778919,53.111526,8.8169568
25779034,53.0317224,8.842599
25779035,53.0319882,8.84167
25779036,53.0321711,8.8409905
25779037,53.0315896,8.8405911
25779040,53.0300507,8.8395285
25779055,53.0333877,8.8395021
25779059,53.0345869,8.8402452
25779090,53.0331117,8.8432611
25779098,53.1079502,8.8059279
25779099,53.0334371,8.8400415
25779104,53.0343529,8.8407449
25779111,53.0334062,8.8461545
25779112,53.0338904,8.846314
25779119,53.0337395,8.8489255
25779121,53.0337228,8.8511863
25779122,53.0335753,8.8511894
25779168,53.0314855,8.8497685
25779170,53.0328814,8.8423081
25780489,53.0362793,8.8523033
25780498,53.0385305,8.8506114
25780509,53.0385246,8.8504814
25780647,53.0369126,8.8528054
25780649,53.0371768,8.8531506
25780652,53.0367828,8.8541263
25780663,53.0367897,8.8554734
25780665,53.036862,8.8563402
25780726,53.0415115,8.8503801
25780728,53.0415109,8.8505102
25780733,53.0414979,8.8519397
25780735,53.0407796,8.8504469
25780790,53.0387766,8.8520026
25780833,53.0387736,8.85505
25781045,53.0414989,8.8524029
25781046,53.0415528,8.853446
25781047,53.0416768,8.8552779
25781048,53.0417598,8.856699
25781075,53.0436709,8.8552205
25781076,53.0445927,8.8551961
25781077,53.045328,8.8517878
25781078,53.0452731,8.8534587
25781086,53.0399691,8.855711
25781138,53.0434873,8.8576496
25781139,53.0443572,8.8581292
25781142,53.0453737,8.8548603
25781144,53.0460252,8.8580025
25781146,53.0448933,8.8584569
25781283,53.0460635,8.8513782
25781285,53.0470296,8.8522049
25789824,53.0672635,8.7962283
25789963,53.0669789,8.7967611
25789970,53.0665433,8.797557
25789980,53.0663796,8.7978646
25790010,53.0661212,8.7983524
25790158,53.0658568,8.7988568
25790217,53.0655531,8.7994138
25790225,53.0652229,8.8000029
25790258,53.0649154,8.8004506
25790311,53.0642514,8.801413
25790529,53.0646481,8.8037425
25790630,53.063965,8.8047071
25790722,53.0636451,8.8051852
25790886,53.062991,8.806098
25793409,53.0410614,8.853217
25793912,53.0681118,8.8013724
25793914,53.0678334,8.8018598
25793916,53.0397959,8.8597151
25793925,53.0646952,8.8070528
25793927,53.0620062,8.8075274
25793930,53.061708,8.8079294
25793935,53.0657331,8.7948747
25793938,53.0652771,8.7956751
25793941,53.0649785,8.7962062
25793943,53.0648634,8.7964198
25793948,53.0639909,8.7977579
25793951,53.0636821,8.7981931
25793954,53.0630436,8.7991044
25793956,53.0622289,8.8002777
25793961,53.0612467,8.8016786
25793963,53.0605912,8.8026153
25793965,53.0603083,8.8030217
25793967,53.0608316,8.8062843
25793969,53.0611281,8.8058508
25793971,53.0614621,8.8053726
25794170,53.0387785,8.8578046
25794188,53.039884,8.8579432
25794233,53.0386198,8.8582616
25794531,53.0393446,8.8578674
25795007,53.038162,8.857387
25795223,53.0387541,8.857439
25795952,53.0405735,8.8581502
25795968,53.0416203,8.8586113
25795985,53.042672,8.8590897
25795991,53.0437468,8.8594795
25796670,53.0458126,8.8593686
25797869,53.046397,8.8593647
25798039,53.0474311,8.8594619
25798055,53.0481839,8.8590383
25798078,53.048806,8.8582634
25798522,53.0467341,8.8574676
25798524,53.0475055,8.8573345
25798527,53.0483637,8.8573686
25798540,53.0464725,8.8557275
25798658,53.046237,8.854028
25798781,53.0471908,8.8548942
25799144,53.0469024,8.8557258
25799148,53.0469402,8.855586
25799154,53.0468495,8.8556914
25799501,53.047454,8.8541481
25799514,53.0472166,8.8538281
25799530,53.0473997,8.8531751
25799630,53.0482897,8.8554373
25800062,53.0474912,8.852742
25800087,53.047531,8.852616
25800098,53.0476355,8.8527043
25800114,53.0475847,8.8528255
25800312,53.0477324,8.8519036
25801607,53.0489976,8.8497606
25802534,53.0490721,8.8531111
25802590,53.0481909,8.8531749
25802734,53.0505867,8.854679
25802782,53.0492671,8.8578887
25803478,53.0681946,8.7976089
25803536,53.0679803,8.7982514
25805313,53.0665662,8.7999135
25805388,53.0668313,8.7994301
25807506,53.0601073,8.7993149
25807613,53.0623834,8.7958277
25808374,53.0480126,8.8564126
25808576,53.0482937,8.8563952
25809412,53.0503467,8.8462064
25809730,53.050534,8.8477305
25809948,53.0616545,8.8090214
25810202,53.0601606,8.8050251
25811900,53.0681556,8.7998031
25812131,53.0601133,8.8072989
25818676,53.0609951,8.8089607
25818772,53.0605715,8.8095641
25818797,53.0602888,8.8099666
25818802,53.059808,8.8106515
25818812,53.0593649,8.8110647
25818817,53.0585556,8.8095081
25818828,53.059402,8.8083076
25818835,53.0596875,8.8079028
25826320,53.0646546,8.7921508
25826479,53.0644239,8.7925505
25826555,53.0643573,8.7926635
25826604,53.0640986,8.793128
25826611,53.063925,8.7934426
25826623,53.0636752,8.7938702
25826649,53.0636283,8.7939507
25826652,53.0632741,8.794548
25829746,53.0620709,8.7962729
25829757,53.0612358,8.7974635
25829764,53.0604331,8.7987112
25830849,53.0616829,8.7916774
25830851,53.0605009,8.7933844
25830852,53.0598829,8.7942898
25830854,53.0615208,8.7950952
25830875,53.0616201,8.7914588
25830878,53.0620862,8.7907461
25830879,53.0624768,8.7901626
25830880,53.0628651,8.7895378
25831567,53.0632726,8.7888223
25831709,53.0592303,8.7954854
25831711,53.0582271,8.7967386
25831732,53.0564511,8.799151
25831750,53.0584085,8.8028369
25831843,53.0580269,8.8021183
25831888,53.0595822,8.8004125
25831889,53.0591386,8.8013718
25832067,53.055911,8.7981335
25832081,53.0664085,8.7936547
25832082,53.0650407,8.7914729
25832356,53.1062321,8.8659385
25832392,53.1076177,8.8672045
25838982,53.0752508,8.812142
25838992,53.0740448,8.8117745
25839849,53.1119242,8.7575816
25839851,53.112717,8.7584198
25839852,53.1128366,8.758545
25839856,53.1116025,8.7583698
25839858,53.1124176,8.7563115
25839870,53.1123677,8.7580437
25839871,53.1128164,8.7567535
25839873,53.1126154,8.7574257
25839884,53.1138753,8.7576948
25839894,53.1137717,8.7584725
25840055,53.1453925,8.7285739
25840056,53.1451205,8.728273
25840093,53.1481614,8.7312234
25840102,53.1492188,8.730813
25840129,53.1474702,8.7329847
25840132,53.1460042,8.7348135
25840178,53.1462343,8.7336711
25840179,53.1450159,8.7351857
25840181,53.142473,8.7366744
25840294,53.1508349,8.7285022
25840499,53.0828799,8.8700302
25840502,53.0840154,8.8684575
25840503,53.0837,8.8682397
25840504,53.0839385,8.8662152
25840526,53.0821636,8.8700986
25840579,53.0827029,8.8827491
25841776,53.1139769,8.7569151
25841778,53.1130177,8.7561008
25841779,53.1132683,8.7553347
25841780,53.1141431,8.7565472
25841781,53.112959,8.7548577
25841782,53.1125237,8.7547576
25841783,53.1116222,8.7551422
25870115,53.030681,8.8365388
25870116,53.0309489,8.8355545
25870117,53.0304177,8.8375061
25870121,53.0312072,8.8345921
25870123,53.0301277,8.8385692
25870124,53.031003,8.8389714
25870129,53.0321377,8.8374453
25870130,53.0323989,8.8364775
25870135,53.0309838,8.8354243
25870136,53.030718,8.8364028
25870142,53.0326599,8.8355267
25870147,53.0312812,8.8323642
25870148,53.0329532,8.8344417
25870149,53.0331297,8.8338021
25870150,53.0331869,8.8338594
25870151,53.0332429,8.8336595
25870152,53.0331827,8.833616
25870157,53.0300943,8.8314708
25870158,53.0301306,8.8313245
25870159,53.0303244,8.8303638
25870160,53.030387,8.8298962
25870161,53.0304335,8.829422
25870162,53.0304858,8.8283977
25870166,53.0317176,8.8297458
25870167,53.0315707,8.830969
25870168,53.031315,8.8322149
25872351,53.0920204,8.7937727
25872352,53.0918586,8.7939227
25872354,53.0901282,8.7954087
25872356,53.0903799,8.7953527
25873688,53.098891,8.8386747
25873778,53.0960418,8.8400585
25873783,53.0958708,8.8406844
25873789,53.0956989,8.8379773
25873814,53.0956232,8.8379427
25873942,53.0992577,8.8369249
25873948,53.0992987,8.8367662
25885941,53.0707815,8.8204778
25885942,53.0708433,8.8198426
25885944,53.0702098,8.822591
25885946,53.0710663,8.8214283
25885955,53.0713194,8.8194575
25885959,53.0719051,8.8198071
25885963,53.0721168,8.8190095
25885979,53.072413,8.8181588
25885980,53.072786,8.821497
25885990,53.0722473,8.8223809
25885993,53.0708067,8.8222629
25885995,53.070767,8.8239858
25886001,53.0720824,8.8235148
25886003,53.0716544,8.821828
25886130,53.0695594,8.819385
25892584,53.0712272,8.8238058
25892585,53.0703534,8.8241593
25898744,53.0555283,8.8688242
25898832,53.0552851,8.8695828
25899380,53.0506361,8.8564698
25899586,53.0592049,8.8566768
25901159,53.079434,8.7990509
25904647,53.0304846,8.8533754
25904695,53.0404102,8.8482537
25904696,53.041511,8.8482559
25904698,53.0415591,8.846005
25904713,53.0403515,8.8469714
25904714,53.0403453,8.8462567
25904718,53.041141,8.8458977
25904719,53.0411345,8.8453505
25904722,53.0406227,8.8458883
25904735,53.0431127,8.8481662
25904738,53.0430985,8.8458477
25905737,53.113659,8.7594465
25905741,53.1119915,8.7629214
25905742,53.1129368,8.7648222
25905747,53.1186973,8.755787
25905748,53.1183148,8.7544979
25905749,53.114885,8.7611208
25905751,53.1165122,8.7582812
25905756,53.1123274,8.7623569
25905864,53.1221339,8.7518824
25905885,53.122805,8.752875
25905887,53.1242178,8.7548104
25905888,53.1247751,8.7555551
25905889,53.1254271,8.7564554
25905890,53.12594,8.757101
25909255,53.1132699,8.7642655
25925731,53.1168204,8.8116214
25926222,53.0511422,8.8214613
25926242,53.0493974,8.8248262
25926244,53.0496451,8.8256102
25926249,53.0491606,8.823859
25926342,53.0503468,8.8435238
25926344,53.0511197,8.8436931
25926346,53.0507839,8.8391976
25926372,53.0513892,8.8412128
25926383,53.0526561,8.8417607
25926384,53.0525428,8.8438218
25926393,53.0521417,8.84716
25926420,53.0540729,8.8408671
25926423,53.0537433,8.8450478
25926440,53.0556636,8.8416847
25926465,53.0542917,8.8499349
25926479,53.0513678,8.8522478
25926481,53.0514144,8.8506365
25926486,53.0517341,8.8522591
25926490,53.051243,8.8538823
25926497,53.0524199,8.8512601
25926538,53.0806666,8.8196823
25926540,53.0802907,8.8191608
25926643,53.0539574,8.8424089
25928329,53.0355258,8.8352107
25928331,53.0358322,8.8355835
25928332,53.0356897,8.8358458
25928333,53.0354213,8.8356411
25928342,53.0374266,8.8368278
25928351,53.0362203,8.8351779
25928517,53.0378608,8.8372821
25929447,53.0576175,8.88921
25929452,53.0574404,8.8899264
25929453,53.057055,8.891486
25929454,53.0568718,8.8922268
25929457,53.0580374,8.8854225
25936457,53.0744672,8.7867559
25936458,53.0743682,8.7866774
25936467,53.074622,8.7864194
25936469,53.0745181,8.7863365
25938653,53.0804468,8.7976132
25938656,53.0812956,8.7961359
25938657,53.0814426,8.7963708
25938658,53.0818754,8.7960939
25938662,53.0794713,8.7991283
25938760,53.0825545,8.7967127
25938761,53.0834001,8.7972223
25940339,53.0408981,8.841517
25940340,53.0403631,8.8410504
25940342,53.0404072,8.8415137
25940345,53.0408454,8.8410697
25940564,53.0490081,8.8204976
25941322,53.117574,8.8097194
25941328,53.1178095,8.8118014
25941338,53.1176533,8.8122411
26004798,53.0953402,8.7805154
26004800,53.0955403,8.7811174
26004801,53.0958477,8.7820438
26004804,53.0962147,8.7797073
26004824,53.0966122,8.7793326
26005245,53.0886803,8.7850061
26005246,53.0887965,8.785305
26048305,53.0816007,8.7960244
26048386,53.0817205,8.7963494
26048767,53.0783039,8.8240162
26048929,53.0717103,8.8109347
26048943,53.0733455,8.812756
26082397,53.1041599,8.7863064
26082398,53.1042344,8.7880099
26082400,53.1042052,8.7888156
26082401,53.1041404,8.7900468
26082403,53.1039901,8.7917778
26160568,53.0845467,8.8352269
26160571,53.0849654,8.8371954
26160572,53.0851434,8.8380978
26160584,53.0858918,8.8422614
26160587,53.0859115,8.8423669
26160592,53.0854348,8.8343804
26160594,53.0862785,8.8373999
26160596,53.0859041,8.8376688
26160599,53.0863465,8.8395571
26161129,53.0861635,8.8436888
26161131,53.0864724,8.8452656
26161143,53.0865513,8.8456717
26161144,53.0867904,8.8469056
26171765,53.0842376,8.8338737
26171771,53.0840021,8.8326694
26171775,53.0839365,8.8323431
26171779,53.0837569,8.8314306
26171786,53.0835555,8.8303985
26190448,53.0864048,8.8334097
26190450,53.0876651,8.8386972
26190452,53.0885624,8.8420833
26190569,53.0830154,8.8276705
26190570,53.0833125,8.8291514
26190572,53.0829362,8.8276159
26190573,53.0826175,8.8284249
26190574,53.0834287,8.8266955
26190577,53.0823856,8.8289149
26190579,53.0816059,8.8305858
26206979,53.0864366,8.8450925
26207142,53.0885485,8.8423595
26207618,53.0881283,8.8441412
26220520,53.0947599,8.8499605
26220522,53.092576,8.8468719
26220524,53.0888094,8.8423023
26220533,53.0850534,8.827951
26220535,53.0853678,8.829218
26220554,53.0910875,8.8453556
26220560,53.092663,8.8467188
26220562,53.0953101,8.8508321
26233843,53.0855696,8.8331294
26233844,53.0858391,8.8339615
26233845,53.0853238,8.8319732
26234221,53.1120467,8.820246
26234928,53.1089558,8.8892169
26234934,53.1089585,8.890845
26234939,53.1113587,8.8932563
26239330,53.0871752,8.8367347
26242917,53.0827193,8.8379638
26242918,53.0826047,8.8381435
26242923,53.0850981,8.8501634
26242924,53.0852619,8.8500584
26242950,53.091275,8.8707477
26242953,53.0912734,8.870622
26242964,53.0972359,8.8698427
26242967,53.0971964,8.8700588
26261977,53.1050779,8.7890911
26261992,53.1059255,8.7895167
26261993,53.1054487,8.7892788
26261999,53.1048929,8.7867922
26262007,53.1047949,8.7920334
26262022,53.1046545,8.7858457
26262033,53.1052734,8.7864609
26262037,53.1056104,8.7879798
26262045,53.1032708,8.7870709
26262046,53.1050685,8.7871076
26262047,53.1062811,8.7896021
26262051,53.1030711,8.7941478
26262052,53.103183,8.794156
26262053,53.1044218,8.794279
26262055,53.1037984,8.7941905
26262056,53.1041501,8.7942237
26262057,53.1040971,8.7950422
26262059,53.1031296,8.7949759
26262072,53.1018839,8.7974947
26262073,53.1004669,8.7970194
26262077,53.1021992,8.7991727
26262079,53.1021141,8.8004352
26262080,53.1023235,8.8006611
26262084,53.1028163,8.7992181
26262085,53.1025614,8.7990366
26262088,53.1019793,8.7998779
26262158,53.1033279,8.791589
26262161,53.1019612,8.7911701
26280744,53.0819519,8.8544907
26280745,53.0816676,8.8547657
26280750,53.0815317,8.8555247
26280754,53.0802657,8.8551179
26280756,53.0797961,8.8563262
26280771,53.0822532,8.854062
26280772,53.0824627,8.8537231
26280773,53.0825317,8.854063
26280774,53.0823276,8.8544473
26280908,53.0839863,8.8513206
26280939,53.0825855,8.8544019
26280952,53.0805363,8.857425
26280964,53.0791577,8.8606724
26281279,53.0746204,8.8690982
26462882,53.1087295,8.8747404
26462890,53.105116,8.869171
26462946,53.1051024,8.8727114
26462961,53.1049369,8.8701121
26463052,53.104508,8.8743872
26463059,53.1038368,8.8763361
26463062,53.1035909,8.8770286
26501851,53.0595265,8.8945354
26501977,53.0559469,8.8885032
26501978,53.0565561,8.8861912
26501980,53.0569619,8.8854255
26501981,53.0573371,8.8852498
26511618,53.0490231,8.8196498
26511661,53.0497677,8.8200552
26511662,53.0512748,8.8207604
26511665,53.049208,8.8198428
26559586,53.1020391,8.7940936
26559587,53.1014158,8.7940586
26559589,53.1022565,8.7941022
26559590,53.1021043,8.7926269
26559592,53.1001695,8.7909942
26559594,53.1002543,8.7922398
26559595,53.0997184,8.7943157
26559598,53.0984104,8.7952079
26559599,53.0984199,8.7954121
26559601,53.0982598,8.7953143
26559607,53.1022958,8.7852317
26559609,53.1023503,8.7851904
26559611,53.1030603,8.7861567
26559619,53.0998003,8.7872069
26559832,53.1106305,8.8835405
26559834,53.1096538,8.8825221
26559835,53.1100719,8.881341
26559836,53.1108463,8.879552
26559840,53.112432,8.879277
26559843,53.1126204,8.8797547
26559853,53.1091319,8.8839805
26559854,53.1089277,8.8841579
26559858,53.1080549,8.8793536
26559860,53.107012,8.8823561
26563156,53.0969016,8.790423
26563199,53.092064,8.7942015
26563202,53.092696,8.7935658
26563204,53.0939936,8.7924591
26563212,53.0945612,8.7946566
26563285,53.0892109,8.7967046
26563290,53.0872302,8.7992367
26563304,53.0866053,8.7966615
26567780,53.1034537,8.8039807
26567787,53.0996049,8.7894744
26567789,53.0988886,8.7902836
26567790,53.0986378,8.7905989
26569445,53.1052134,8.8045674
26572612,53.1117359,8.81885
26572613,53.1118167,8.8188107
26572657,53.1120829,8.8499077
26572659,53.1120439,8.8500404
26572875,53.1085078,8.8570088
26572952,53.1036585,8.840003
26574106,53.1080525,8.8466529
26574109,53.1100889,8.8483373
26574110,53.1094233,8.8505683
26574118,53.109086,8.8474955
26574119,53.1097769,8.8480742
26574128,53.1074498,8.8486445
26574309,53.1117131,8.8496891
26574310,53.1088994,8.8501242
26574608,53.1044992,8.8527829
26574609,53.1043882,8.8527268
26586726,53.0740037,8.8093395
26587013,53.0729695,8.8110476
26587016,53.0736651,8.8116341
26587029,53.0746399,8.8101485
26587060,53.0749889,8.8110274
26605492,53.0303798,8.6586356
26605493,53.0306559,8.658553
26605506,53.0308037,8.6548957
26608146,53.0900647,8.8632411
26608201,53.0866689,8.8646403
26608233,53.0866,8.8612834
26608236,53.0873574,8.859643
26659372,53.0891821,8.8911092
26666583,53.0789332,8.9006088
26666588,53.0791065,8.9013129
26666589,53.0792,8.9008893
26666590,53.0792315,8.9006256
26666619,53.0786931,8.9008567
26666626,53.0782257,8.9012617
26666885,53.079448,8.8923594
26666887,53.0792079,8.8868838
26666889,53.0790993,8.8840652
26666891,53.0791049,8.8820565
26666895,53.0789245,8.8766571
26666901,53.077045,8.8718459
26667414,53.076115,8.9016153
26667418,53.0744417,8.901867
26667421,53.0727178,8.9020431
26667423,53.0716142,8.9019859
26668389,53.0715172,8.8913722
26668391,53.0715125,8.8951048
26668396,53.0715002,8.9019806
26668401,53.0747053,8.882751
26668404,53.0722027,8.8851985
26668423,53.0839841,8.8558892
26668428,53.0839179,8.8593311
26668435,53.0844293,8.8590652
26668439,53.0852907,8.8586258
26668449,53.0853335,8.8603148
26668457,53.084886,8.8619808
26668461,53.0852228,8.8631875
26668470,53.084989,8.8653611
26668479,53.0861239,8.8657742
26668631,53.0858902,8.8626274
26668868,53.0879807,8.8644226
26668872,53.0871686,8.8658217
26668908,53.086504,8.8716976
26669576,53.0850139,8.8691034
26669586,53.0835817,8.8594391
26669589,53.0826612,8.8595729
26670178,53.0845644,8.8663695
26671921,53.0837552,8.8624173
26673068,53.0835974,8.8699383
26673069,53.0836271,8.8707004
26701286,53.0912225,8.8746878
26701291,53.0906704,8.8799144
26701292,53.0904237,8.8817152
26709654,53.0811546,8.8463652
26709659,53.0810872,8.8429429
26709666,53.0818692,8.8395882
26709670,53.0818635,8.8392957
26709679,53.0810669,8.8465156
26709791,53.0823924,8.8384747
26709795,53.0822391,8.8381258
26712614,53.0827397,8.8418782
26712618,53.0827119,8.8455668
26712620,53.0826251,8.844846
26712623,53.0820824,8.845839
26712624,53.0828472,8.8455947
26712625,53.0838147,8.8484871
26712627,53.0841219,8.8449107
26712674,53.0828752,8.8493239
26712675,53.0815922,8.8504271
26712681,53.0812468,8.8492154
26712685,53.0821612,8.8534747
26715606,53.0834537,8.8502732
26736627,53.0315508,8.8098368
26736628,53.0317643,8.8090516
26736630,53.0316396,8.8093266
26736631,53.0317146,8.8093794
26736634,53.0308306,8.8116803
26736641,53.0302115,8.8131374
26736669,53.0304641,8.823264
26736670,53.0317363,8.8234034
26736672,53.0337994,8.8241532
26736674,53.0343456,8.826149
26736680,53.0342191,8.8288651
26736683,53.0340337,8.8305061
26736684,53.0338616,8.8312164
26736686,53.0333349,8.8332167
26738066,53.0825319,8.8893328
26738075,53.0825096,8.9106495
26738076,53.0826254,8.9110551
26738077,53.0828265,8.9117557
26738078,53.0826138,8.910617
26738079,53.0824511,8.90961
26738086,53.0822225,8.9019299
26738296,53.0815619,8.9082774
26738309,53.082085,8.9073077
26738321,53.0804011,8.9112024
26738323,53.0833651,8.9050637
26738328,53.0841022,8.904697
26738354,53.0824862,8.9073273
26738356,53.0815825,8.9091817
26738366,53.0823679,8.9098686
26738369,53.0822879,8.9107087
26739234,53.0810519,8.89186
26739240,53.085163,8.9028595
26739241,53.0856157,8.901825
26739242,53.0846528,8.9031154
26739250,53.0804128,8.9123642
26739874,53.0855212,8.889311
26739878,53.0859798,8.8886931
26739881,53.086031,8.8860105
26739889,53.0857709,8.8789434
26739894,53.0856862,8.8733973
26739907,53.0861583,8.8910157
26739910,53.0862716,8.8910109
26739914,53.0863383,8.8891582
26739915,53.0863011,8.8886346
26739921,53.0861584,8.8860033
26739926,53.0859005,8.8789105
26739930,53.0858315,8.8728637
26739935,53.0855659,8.8723777
26739956,53.0834954,8.8995282
26739971,53.0835028,8.8921523
26739975,53.0850309,8.8913103
26739992,53.08605,8.8891724
26740005,53.084829,8.897026
26741684,53.0828535,8.8925549
26742195,53.0421629,8.8154951
26742203,53.0466945,8.8181984
26742240,53.0831567,8.8792198
26742241,53.0845601,8.880922
26742243,53.0848202,8.8861391
26742246,53.0835273,8.8862759
26742248,53.0833921,8.8810396
26742250,53.0836089,8.8890094
26742251,53.0843743,8.8738091
26742253,53.0844236,8.8750967
26742485,53.090069,8.8796521
26742502,53.0886596,8.8911281
26742503,53.088393,8.8911368
26742504,53.0889132,8.8911157
26742511,53.0889655,8.8934175
26742512,53.0901253,8.8746895
26742513,53.0901275,8.8733734
26743053,53.0938837,8.8705642
26743054,53.0938894,8.8729013
26743706,53.0912082,8.8754207
26743714,53.0924588,8.8761271
26749638,53.0882839,8.8437151
26749640,53.0885009,8.8488286
26749643,53.0881313,8.8477588
26749652,53.0889896,8.8445442
26749654,53.0896006,8.8455707
26763902,53.0322256,8.816737
26763903,53.030929,8.8157011
26763917,53.0301527,8.8200252
26763920,53.0316038,8.8189796
26763921,53.0331197,8.813583
26763927,53.0322318,8.8128702
26763928,53.0323942,8.8130109
26763929,53.0318785,8.8146183
26763938,53.0310653,8.8139815
26763941,53.0315768,8.8123503
26764958,53.0325968,8.8207257
26765701,53.0317762,8.8183594
26765703,53.0327453,8.818088
26765708,53.0326762,8.8198314
26765716,53.0331395,8.8198026
26780241,53.1125192,8.8798227
26780263,53.1133764,8.8794042
26814681,53.0349304,8.8260507
26814686,53.0363099,8.8238881
26814693,53.0383093,8.8196837
26814696,53.038985,8.8176559
26814698,53.0395764,8.8150314
26838189,53.0484152,8.8194354
26838190,53.048455,8.8192918
26838191,53.0482452,8.8191386
26838192,53.0482018,8.8192787
26838194,53.0480595,8.8197313
26838195,53.0475471,8.8215129
26838203,53.0469425,8.8220448
26838205,53.0468825,8.822249
26838206,53.0467392,8.8221323
26838208,53.0467832,8.8219269
26838211,53.0465417,8.8220686
26838214,53.0436084,8.825295
26838217,53.0451194,8.8260328
26838222,53.045048,8.8274487
26840074,53.0427013,8.8178931
26840078,53.039276,8.8165153
26840083,53.0424104,8.8228749
26840085,53.0416167,8.822602
26840086,53.0405601,8.8218161
26840087,53.0394727,8.8210248
26840094,53.0409384,8.8201605
26840095,53.0429747,8.8228306
26840890,53.0430794,8.8263935
26840897,53.0407548,8.8280352
26840898,53.040242,8.8275956
26840908,53.0362783,8.8265856
26840910,53.036192,8.8283941
26840911,53.0362341,8.8306676
26840914,53.0374717,8.8318504
26840917,53.0388524,8.8323918
26840920,53.0411553,8.8265139
26840924,53.0418624,8.8269782
26840926,53.0388654,8.8248472
26840930,53.0372605,8.8255368
26840931,53.0388672,8.8255226
26841121,53.0399235,8.8284308
26841124,53.0382454,8.8255302
26841125,53.038246,8.8269208
26841248,53.038348,8.83202
26841249,53.0383486,8.8307744
26841250,53.0389494,8.8308626
26841257,53.0411864,8.839064
26841263,53.0363649,8.8336823
26841305,53.0372288,8.832842
26859142,53.1012953,8.8857918
26859148,53.1018198,8.8864991
27034656,53.1790277,8.7092825
27034681,53.1789048,8.7092759
27034682,53.1789473,8.7095097
27034687,53.1778994,8.7116147
27034726,53.1795966,8.7123087
27035619,53.1735908,8.6924473
27035628,53.1740798,8.6974135
27035654,53.173379,8.689514
27035663,53.1730746,8.6811178
27035664,53.1729967,8.6813626
27035869,53.1725397,8.6578682
27035882,53.1727116,8.6554476
27035935,53.1736466,8.6507499
27035942,53.1730804,8.6500221
27047784,53.1798179,8.7108144
27104003,53.0624394,8.8677971
27104018,53.0527963,8.8839096
27104034,53.0404659,8.8859257
27104057,53.0382595,8.8839265
27104066,53.0551863,8.8829154
27134952,53.076746,8.8042063
27200124,53.054165,8.7406043
27200127,53.0531246,8.7432137
27200131,53.0533166,8.7424559
27200140,53.0535819,8.7419542
27278840,53.1747626,8.6435928
27278852,53.1747816,8.6415231
27278880,53.1748801,8.640258
27278915,53.1755006,8.6393528
27278969,53.1747125,8.6401932
27278985,53.1736094,8.6384513
27315238,53.0338568,8.6284435
27326708,53.0821634,8.8257984
27326712,53.0830623,8.8273282
27326718,53.0815673,8.8244711
27326732,53.0799255,8.8273552
27326742,53.079863,8.8274303
28124199,53.0335556,8.7339848
28124260,53.0399995,8.7300174
28850817,53.0814983,8.8114023
28850929,53.0949344,8.8435759
28996666,53.0537118,8.8198249
29036244,53.095493,8.7982739
29036379,53.0781752,8.833015
29036381,53.0747902,8.8540222
29036401,53.1004688,8.8055008
29036410,53.0880772,8.808464
29036451,53.062009,8.889827
29036469,53.0998387,8.8076171
29036473,53.0980234,8.7990943
29036531,53.0598006,8.9016872
29036744,53.0674705,8.872399
29036755,53.0669877,8.8685456
29036760,53.0668759,8.8651055
29036770,53.0682409,8.8609115
29036779,53.070439,8.8561136
29036916,53.0908816,8.805638
29036922,53.092943,8.8034671
29036930,53.094579,8.8019624
29036938,53.0965414,8.8027014
29036943,53.0969528,8.8003281
29036956,53.0938028,8.8057989
29036958,53.0941982,8.8069435
29036989,53.094019,8.8064276
29036995,53.0921307,8.8019923
29037374,53.0469032,8.8852459
29037379,53.0500854,8.8854126
29037416,53.0506186,8.8874087
29037460,53.0891288,8.8107583
29037467,53.0917231,8.8075678
29037491,53.0946501,8.7980068
29037498,53.0969632,8.7983382
29037499,53.0975876,8.798785
29037510,53.0912271,8.806431
29037515,53.0906757,8.8069182
29037520,53.0919064,8.8079836
29037524,53.0908624,8.8092064
29037582,53.0907963,8.8023339
29037591,53.0938002,8.8000441
29037594,53.0946067,8.8004224
29037603,53.096825,8.8020112
29037609,53.0984158,8.8035159
29037618,53.0967212,8.8064993
29037621,53.0972289,8.8052681
29037631,53.0945967,8.800977
29037641,53.0960439,8.8039122
29037654,53.0985716,8.8036634
29037656,53.0988578,8.8028433
29037659,53.0975457,8.80162
29037661,53.0972233,8.8023867
29037666,53.0984276,8.7994868
29037676,53.0972358,8.7972315
29037689,53.096805,8.7965723
29037694,53.095244,8.7971082
29037703,53.0964367,8.8015827
29037709,53.0960419,8.7988798
29037718,53.0946886,8.7968482
29037723,53.0914789,8.8004443
29037740,53.0954114,8.8095122
29037747,53.0982609,8.8126381
29037780,53.1012827,8.8027785
29037782,53.1013373,8.8029523
29037783,53.1016674,8.8031972
29037791,53.1008563,8.8090434
29037793,53.0997036,8.8080911
29037803,53.0999854,8.8099986
29037834,53.0993457,8.8121127
29037844,53.0996794,8.8109896
29037855,53.0990213,8.8131861
29037864,53.1002855,8.8139997
29037881,53.0984528,8.814774
29037889,53.099304,8.8093553
29037893,53.0970873,8.8086847
29037896,53.0973727,8.8087034
29037909,53.0963187,8.8086907
29037916,53.0946951,8.8083051
29037917,53.0943886,8.8074291
29037938,53.0988956,8.8130994
29038216,53.0934887,8.8048793
29038217,53.093267,8.8042256
29038218,53.0927952,8.8032099
29038622,53.0946228,8.7995311
29038623,53.0948659,8.7998185
29038624,53.0910643,8.8097083
29038625,53.0913196,8.8103248
29038627,53.0888408,8.8101132
29038628,53.0944953,8.8065989
29038629,53.0918269,8.8012546
29062171,53.093305,8.832632
29062172,53.0928985,8.8338788
29072093,53.0972517,8.7996017
29072094,53.1004032,8.8053743
29073586,53.097943,8.8030683
29073590,53.0872755,8.8065811
29073591,53.0962967,8.8032967
29077420,53.0897773,8.8122093
29134100,53.09077,8.814483
29134146,53.0911127,8.8141744
29134148,53.095072,8.8090276
29134151,53.0966246,8.81103
29134160,53.0920501,8.8159316
29134190,53.0924222,8.8166592
29134192,53.0981992,8.8058085
29134196,53.0986126,8.8046014
29134212,53.096759,8.811182
29134215,53.098841,8.8039188
29135846,53.091636,8.8152007
29135864,53.0988734,8.8056402
29164743,53.0903844,8.8135775
29164754,53.0644394,8.8783152
29164755,53.0633329,8.876999
29164757,53.0621409,8.8756537
29164758,53.0626392,8.8761591
29169792,53.0711843,8.8863085
29169794,53.072165,8.8850695
29169806,53.0797483,8.8335762
29169807,53.0774679,8.8327697
29170180,53.0835309,8.8093113
29173894,53.0957905,8.8045291
29173896,53.0969752,8.805888
29173900,53.0955261,8.8051725
29173907,53.0825169,8.8076027
29173908,53.0823329,8.8072902
29173909,53.0830883,8.8119298
29174114,53.0945776,8.8020775
29193490,53.0606054,8.8922685
29194136,53.0547017,8.8833148
29194454,53.0829298,8.7929817
29194470,53.0866142,8.7896796
29194482,53.0863102,8.7897357
29194519,53.1004689,8.7751206
29194547,53.108351,8.7642479
29194549,53.108974,8.7635099
29194577,53.1121935,8.7528872
29194582,53.112198,8.752504
29194615,53.1082385,8.7640156
29194656,53.1121245,8.7525721
29194672,53.1121102,8.7507966
29194679,53.1124792,8.7500433
29194848,53.0567103,8.8809438
29194859,53.0601916,8.8803206
29196034,53.0608687,8.8791691
29202258,53.0865597,8.8394196
29202299,53.0866815,8.8371129
29217174,53.0984042,8.8052015
29217923,53.0918449,8.8046515
29217924,53.0921851,8.8053774
29217926,53.0924606,8.8060033
29217941,53.090474,8.8083055
29217942,53.0906738,8.8087825
29217944,53.0918925,8.8116888
29217946,53.0945456,8.8138446
29217948,53.0898216,8.8067129
29224874,53.0945933,8.7964618
29224884,53.0968032,8.795007
29224897,53.0856049,8.8035388
29224915,53.0785458,8.8267843
29224923,53.076861,8.8373718
29224927,53.0736225,8.8525302
29224930,53.0712071,8.8635674
29224932,53.0680327,8.8709095
29224954,53.059534,8.8951197
29224961,53.0593415,8.9015748
29224962,53.0590703,8.9019243
29224967,53.0597043,8.901581
29224969,53.0594386,8.9014535
29225010,53.070369,8.8663211
29225011,53.0713539,8.8634896
29271415,53.093221,8.8007374
29271416,53.0928803,8.7999622
29271452,53.0928367,8.8069153
29271453,53.0930328,8.8074022
29271454,53.0932681,8.8079509
29271455,53.0938396,8.8092702
29271456,53.0923605,8.8090266
29271457,53.092123,8.8084846
29271459,53.0905821,8.8049533
29271460,53.091551,8.8040131
29271461,53.0913209,8.8035113
29271462,53.0910815,8.802974
29271463,53.090473,8.8016406
29271466,53.0923536,8.8024633
29271467,53.0926099,8.8029315
29271468,53.0903672,8.8044504
29271469,53.0901183,8.8038842
29271482,53.0905772,8.7980403
29271484,53.0892481,8.7969558
29271485,53.09058,8.7962782
29271488,53.0922303,8.7947377
29271489,53.0905126,8.7955631
29332072,53.0901774,8.8075656
29332077,53.0935039,8.808496
29332080,53.0915473,8.8108684
29332082,53.0900409,8.8128019
29332211,53.092601,8.8095803
29341829,53.0981674,8.7918329
29341831,53.0985492,8.7913606
29341834,53.0989692,8.7908385
29341835,53.0981959,8.788748
29341836,53.0998393,8.7873257
29353852,53.0384451,8.8890682
29353859,53.0378476,8.8871544
29394001,53.1010668,8.8113786
29394330,53.0829725,8.8179733
29414977,53.095161,8.7991286
29414978,53.0967227,8.8008874
29415539,53.0999344,8.8203085
29420189,53.1008478,8.8042469
29420193,53.1019777,8.806925
29420196,53.1000981,8.8067186
29420197,53.1005796,8.8070199
29421175,53.1011351,8.8251815
29421182,53.0997108,8.8238819
29421183,53.0992921,8.8235041
29421232,53.0980603,8.8182392
29421233,53.0978239,8.8189862
29421240,53.0972218,8.8163133
29421242,53.0967271,8.8190667
29421243,53.0975563,8.8198506
29423649,53.0957412,8.8215241
29423650,53.0956559,8.821918
29429052,53.097413,8.8118777
29429053,53.097688,8.8110687
29429060,53.097228,8.8116837
29429061,53.0975776,8.8120425
29429066,53.0964555,8.8126381
29429071,53.0964815,8.8142814
29429072,53.0960971,8.8133293
29429073,53.096622,8.8147449
29429074,53.0972239,8.8144312
29429075,53.0956907,8.8123085
29429077,53.0953313,8.809803
29429078,53.0954364,8.8105908
29429079,53.0955596,8.8114232
29429080,53.0942103,8.8131399
29429081,53.0939278,8.8125456
29429091,53.0936482,8.811958
29429096,53.0925373,8.8139996
29429098,53.0926569,8.8142464
29429104,53.0928999,8.8147478
29429105,53.0936782,8.8150082
29429106,53.0941202,8.8159344
29429113,53.096382,8.8157344
29429118,53.0933323,8.8112936
29447613,53.1029594,8.8001589
29447614,53.1027715,8.8005725
29449860,53.097235,8.7949532
29458239,53.1034441,8.7886202
29458254,53.1035767,8.7886147
29488315,53.0866444,8.827551
29502650,53.0775233,8.8376209
29503117,53.0789238,8.8382115
29503124,53.0804812,8.8388082
29503130,53.081391,8.8383641
29503134,53.0820054,8.8377305
29503144,53.0809546,8.8372032
29503150,53.0823392,8.8376442
29503168,53.076781,8.8382565
29503174,53.0769593,8.8374068
29503223,53.086508,8.8202559
29503225,53.0876419,8.8179664
29532092,53.0960247,8.7904538
29532093,53.0952944,8.7867717
29532094,53.0949494,8.7856628
29532095,53.0947952,8.7851887
29532096,53.0940708,8.7829067
29532097,53.0929556,8.7802995
29532098,53.0931743,8.781187
29532099,53.096919,8.7896749
29532100,53.0958676,8.7862538
29532101,53.0964337,8.7881138
29532102,53.0958563,8.7895778
29532121,53.0977135,8.7889314
29532123,53.0964325,8.784259
29532124,53.0967391,8.7854608
29532125,53.0971818,8.7871553
29532353,53.0955066,8.7863086
29535091,53.0795655,8.8335176
29535093,53.0767278,8.8380035
29535237,53.0803192,8.8291382
29535260,53.0799634,8.8307364
29535263,53.0796731,8.8327658
29535264,53.0779358,8.8452235
29535265,53.075492,8.8442491
29535302,53.0743324,8.8578888
29535304,53.0749165,8.8550743
29535308,53.0734537,8.8568809
29535579,53.0764253,8.8446348
29535580,53.0746453,8.8476356
29535581,53.0741385,8.8500699
29535584,53.0745273,8.8525244
29535592,53.0746558,8.8502292
29535807,53.0670434,8.8702687
29535816,53.0666046,8.8716401
29535817,53.0676388,8.8720253
29535827,53.0676094,8.8735448
29535842,53.0630294,8.8906637
29535852,53.0627819,8.8911114
29535875,53.059699,8.8959754
29535894,53.0598988,8.8916212
29568961,53.0953932,8.8223965
29568965,53.0940374,8.8197004
29584762,53.0785354,8.8551137
29584916,53.0726663,8.8569437
29584921,53.0754158,8.8442143
29626721,53.0646152,8.8852038
29626722,53.0655379,8.8862578
29626725,53.0667285,8.8877084
29626727,53.0668028,8.8879595
29626739,53.0812361,8.8280444
29627697,53.0764312,8.8548173
29627698,53.0768599,8.8522256
29627699,53.0766293,8.8534952
29627701,53.0774083,8.8538213
29627715,53.0788651,8.8481848
29627723,53.0684328,8.8734776
29627735,53.0696025,8.8680108
29627738,53.0710351,8.8644469
29627739,53.0713707,8.8643997
29627746,53.074393,8.869292
29627747,53.0694685,8.8733094
29627757,53.0738502,8.86869
29627759,53.0729655,8.8680304
29627760,53.0723588,8.8675597
29627763,53.0714178,8.8641762
29627768,53.0818449,8.8906485
29627771,53.0933338,8.7943057
29627980,53.1060101,8.7787092
29627981,53.1061408,8.7789444
29627984,53.1055118,8.7802031
29627985,53.1055979,8.7802686
29628001,53.1132784,8.7644739
29628898,53.1786212,8.7098011
29628917,53.1796755,8.7106845
29629007,53.1786581,8.7451126
29629017,53.1779522,8.7465752
29629046,53.1662906,8.7531526
29673958,53.1147408,8.7501537
29674579,53.0564978,8.7164024
29674580,53.0541708,8.7158102
29674583,53.0506848,8.7152944
29674593,53.0458844,8.7185938
29674597,53.0441908,8.7225513
29674600,53.0430541,8.7244108
29790555,53.1030343,8.8646582
29818371,53.0826033,8.8371209
29829318,53.0861152,8.7902058
29829319,53.0885042,8.7919781
29829321,53.0884759,8.7925156
29829327,53.0794053,8.7964596
29829330,53.0801917,8.7970815
29829331,53.0801351,8.7972992
29829335,53.0791701,8.7970675
29829336,53.0799252,8.7977815
29829339,53.0793313,8.798361
29829340,53.0788593,8.7977408
29829341,53.078748,8.7979865
29829342,53.0791607,8.7985366
29829344,53.078508,8.7994533
29829347,53.0783327,8.7998312
29829789,53.0839803,8.7995537
29829797,53.0916032,8.7912149
29829798,53.0925787,8.79333
29835487,53.1126314,8.7521893
29856319,53.0509294,8.7186895
29856386,53.0509316,8.7173106
29856553,53.0496897,8.7173274
29856556,53.0505099,8.7178863
29856744,53.0477963,8.7160572
29856747,53.0499365,8.7164833
29856779,53.0503473,8.7172604
29856947,53.0516306,8.7406934
29857088,53.0476557,8.7388685
29857124,53.0485992,8.7403946
29857140,53.0487458,8.7394235
29900007,53.0500135,8.7607341
29900011,53.054888,8.759442
29900012,53.056027,8.7588745
29900013,53.0570895,8.7583666
29900014,53.0577463,8.758049
29953747,53.0621185,8.8099278
29953750,53.0619128,8.8101042
29977207,53.0744016,8.793828
29977208,53.0730984,8.7919605
29977211,53.0719289,8.7903899
29977216,53.066948,8.7822845
29977218,53.0668742,8.7821489
29983896,53.1006993,8.8867941
29984517,53.1024103,8.8848743
29984518,53.1028193,8.8851631
29984519,53.1030843,8.8853959
29984520,53.1036824,8.8858896
29984521,53.104478,8.8865576
29984522,53.1027793,8.8837397
29984527,53.1034463,8.8843796
29984531,53.1037706,8.8859625
29984534,53.102773,8.8875636
29984545,53.1042219,8.8890072
29984549,53.1063146,8.887424
29984553,53.1047789,8.8857565
29984554,53.1043923,8.8873602
29984558,53.1051944,8.8880179
29984561,53.1003796,8.8882802
29984563,53.1003053,8.8902699
29984564,53.1001463,8.8928924
29989691,53.076161,8.8370768
29989692,53.0757149,8.8368845
29989693,53.0753174,8.8366829
29989694,53.0740346,8.8358113
29989695,53.0737962,8.8356493
29989696,53.0722481,8.8345963
29989701,53.074488,8.8300725
29989702,53.0747955,8.827695
29989704,53.0750536,8.8255985
29989705,53.0751631,8.8242255
29989707,53.0753708,8.82172
29989708,53.0756997,8.8204192
29989709,53.0758157,8.8197395
29989715,53.0752226,8.8225735
29989716,53.073895,8.8348458
29989718,53.0847776,8.8206373
29989719,53.0841385,8.8203642
29989721,53.0822626,8.8194309
29990208,53.0845116,8.8008969
29990212,53.0857893,8.8046426
29990219,53.0809643,8.7978961
29990226,53.0815507,8.7975092
29990228,53.081335,8.798149
29990229,53.0817756,8.79823
29990230,53.0821691,8.7967644
29990231,53.080759,8.8008248
29990234,53.0803639,8.8002453
29990235,53.0799999,8.7992321
29990237,53.0799575,8.8005938
29990240,53.0806282,8.7975219
29990701,53.069715,8.8327798
29990707,53.0686427,8.8320943
29992727,53.0701565,8.8361145
29992809,53.070021,8.8368925
29992828,53.0696311,8.8391607
29993148,53.0686529,8.8448562
29993149,53.0684942,8.8457788
29993150,53.0679702,8.8488951
29993195,53.0657881,8.8616392
29993391,53.0661689,8.8668786
29993467,53.0648793,8.8702745
29993468,53.0660792,8.8671632
29993551,53.0639394,8.8777233
29993572,53.0636335,8.8799909
29993573,53.0588486,8.8856613
29993604,53.059958,8.8945072
29993613,53.068459,8.863441
29993626,53.0706943,8.8593974
29993628,53.0713894,8.8565031
29993630,53.0716423,8.8550341
29993632,53.0718334,8.8539418
29993635,53.0722334,8.8520124
29993637,53.0716151,8.8551911
29993639,53.072028,8.8490773
29993649,53.0732643,8.8504048
29993665,53.0724988,8.8483285
29993669,53.0730833,8.8457661
30007142,53.0633923,8.8827829
30011274,53.0744216,8.7942037
30011275,53.0715357,8.8014769
30011276,53.0721594,8.8007546
30011278,53.0735971,8.7970658
30011468,53.0738025,8.7960267
30011469,53.0732823,8.7979465
30011470,53.0728057,8.7995949
30011471,53.0721054,8.800622
30011472,53.0717951,8.8009211
30011589,53.0701528,8.7995263
30011639,53.0735603,8.7928983
30011646,53.0731661,8.793709
30011648,53.0719022,8.7964284
30011649,53.0704322,8.7998833
30011689,53.0727822,8.7945383
30011962,53.070694,8.797824
30012035,53.0745022,8.7939736
30012038,53.0790356,8.7897607
30024305,53.1013675,8.8909287
30024308,53.1023007,8.8919577
30024317,53.1020701,8.8946458
30024318,53.10176,8.8959162
30024325,53.1013281,8.8939066
30024331,53.1012165,8.89155
30044892,53.068991,8.7964328
30044893,53.0710375,8.7984778
30044895,53.0713444,8.7999754
30044896,53.0707431,8.7991854
30044897,53.0715492,8.7995165
30044898,53.0724473,8.7971953
30044899,53.0721376,8.7980012
30044900,53.073228,8.795182
30044901,53.0735753,8.794278
30044902,53.0716447,8.7970414
30044904,53.072022,8.7982925
30044905,53.0723439,8.7988699
30044906,53.0717325,8.7998819
30046773,53.0686145,8.7969859
30047045,53.069872,8.7940441
30047059,53.0718435,8.7904948
30047069,53.0728782,8.7887383
30120463,53.0662902,8.7831583
30120464,53.0706419,8.789968
30120465,53.0702853,8.7906334
30120466,53.0699055,8.7913445
30120467,53.0694955,8.7920856
30120468,53.0690817,8.7928335
30120469,53.0685385,8.7938464
30120470,53.0682463,8.7943938
30120471,53.0679576,8.794934
30120472,53.0667407,8.7930502
30120473,53.0670705,8.7924782
30120474,53.06735,8.7920062
30120475,53.0679084,8.7910249
30120476,53.0683388,8.7902664
30120477,53.0687462,8.7895487
30120478,53.069498,8.788225
30120479,53.0681412,8.7860452
30120480,53.0677649,8.7867021
30120481,53.0673578,8.7874128
30120482,53.0669487,8.7881294
30120483,53.0665254,8.7888805
30120484,53.0658608,8.7900523
30120485,53.0657188,8.7903022
30120486,53.0653925,8.7908487
30120487,53.0661138,8.7896063
30120488,53.0714612,8.7912016
30120489,53.0710919,8.7918361
30120490,53.0710501,8.7906025
30120491,53.0707122,8.7912798
30120496,53.0688699,8.7932272
30120497,53.0676914,8.7914106
30120498,53.06331,8.7874547
30120500,53.0635227,8.787313
30120501,53.0640903,8.786565
30120502,53.064591,8.7859023
30120506,53.0684822,8.7956991
30120507,53.069555,8.7935657
30120508,53.0714198,8.7898654
30209883,53.0772852,8.8161486
30210476,53.0750652,8.7918952
30210477,53.0749834,8.7917905
30210478,53.0764915,8.7881748
30210481,53.0763829,8.7881094
30210485,53.0731152,8.7891546
30210488,53.0730612,8.787608
30210489,53.0723415,8.7852659
30210491,53.0701592,8.7825751
30210492,53.0697122,8.7832956
30210493,53.0692279,8.7841683
30210494,53.0689359,8.78468
30210495,53.0720204,8.7857921
30210496,53.0714791,8.7848368
30210497,53.0715759,8.7864989
30210498,53.0724192,8.7894936
30210499,53.0720135,8.7888584
30210500,53.0715846,8.7882016
30210501,53.0720626,8.7873298
30210502,53.070485,8.7864738
30210503,53.0714821,8.7897766
30210507,53.0723491,8.7847375
30210510,53.072238,8.7844559
30210512,53.0744279,8.7910447
30210515,53.073619,8.7927452
30210519,53.0702743,8.7868438
30211394,53.0671386,8.7819757
30211395,53.0676235,8.7813798
30211396,53.0673395,8.7818339
30211711,53.0750413,8.7887396
30211998,53.0664508,8.7778208
30211999,53.0665551,8.777758
30213399,53.0721828,8.8032783
30213402,53.0724028,8.8041412
30213403,53.0720449,8.8047881
30213404,53.0707279,8.8069215
30213405,53.0704268,8.8074916
30213410,53.0683809,8.8113462
30213420,53.0638377,8.8200102
30213422,53.0634519,8.8201203
30213424,53.0635298,8.8204588
30213426,53.0635842,8.82139
30213442,53.0629442,8.8352013
30213447,53.0713343,8.8039533
30213451,53.0698657,8.8050016
30213454,53.0714753,8.8058271
30213455,53.0718244,8.8056986
30213625,53.0707563,8.8041479
30213626,53.071612,8.8055893
30213671,53.0702665,8.8045539
30213943,53.0710702,8.806365
30248731,53.0610059,8.8020292
30259834,53.0590581,8.8975845
30259835,53.0583194,8.8973676
30259841,53.0543903,8.8944797
30259842,53.0590756,8.8969485
30259845,53.0585383,8.8974724
30259849,53.0553651,8.8947349
30259850,53.0557448,8.889253
30259852,53.0553351,8.890864
30259854,53.0551456,8.8915893
30259855,53.0549932,8.8921724
30259861,53.0564521,8.8839461
30259866,53.0594042,8.8815703
30259868,53.0597261,8.8813485
30259871,53.060513,8.8804455
30259880,53.0613328,8.8780727
30259882,53.0622004,8.8757303
30259884,53.0639558,8.8705902
30259885,53.0609103,8.8804711
30259886,53.0610783,8.8805513
30259887,53.0610946,8.8816922
30259891,53.0618465,8.8785354
30259892,53.0646155,8.8710084
30259896,53.0624496,8.8792731
30259907,53.0632952,8.8726131
30259910,53.0645441,8.8739178
30259912,53.0649427,8.8743609
30259913,53.0656192,8.8750906
30261562,53.0673982,8.8721771
30261573,53.0626758,8.8680707
30262992,53.0665906,8.8714825
30262994,53.0678566,8.8709754
30263000,53.0670017,8.8689575
30264155,53.0769826,8.823654
30318282,53.0617852,8.8711735
30318285,53.0623378,8.8661072
30318286,53.0670569,8.8640603
30318288,53.0641725,8.8655616
30318289,53.0628609,8.8634014
30318291,53.0634756,8.8637649
30320522,53.0658407,8.867815
30320523,53.0669457,8.8674285
30320525,53.0668938,8.8661662
30320527,53.0669232,8.8668751
30320529,53.0677436,8.8667851
30320546,53.0703505,8.8661001
30320548,53.0695885,8.8653143
30320551,53.0670417,8.8617253
30320565,53.0677027,8.8660881
30322189,53.0642708,8.8642218
30322195,53.0650279,8.8607665
30322197,53.0651742,8.8600404
30322204,53.0661183,8.8540117
30322209,53.0676323,8.8508326
30324443,53.0692972,8.861958
30324445,53.06373,8.8591815
30324448,53.0685286,8.8586852
30324451,53.0671062,8.8587117
30324454,53.0673608,8.8610573
30324456,53.0677757,8.8589345
30324458,53.0683615,8.8581379
30324459,53.0685032,8.8570193
30324461,53.0672629,8.8554986
30324463,53.0671271,8.8564936
30324464,53.0669785,8.8576359
30325058,53.0724844,8.8542928
30325066,53.0728127,8.8525751
30325067,53.0709625,8.8547403
30343483,53.0845663,8.8029294
30343869,53.0847475,8.7795883
30343873,53.0871141,8.7826433
30343874,53.0877953,8.783579
30343876,53.0831032,8.7871711
30343885,53.0847053,8.7798662
30343887,53.0861516,8.7816921
30343889,53.0876875,8.7837843
30343893,53.0829398,8.7894789
30343899,53.0826334,8.7964187
30348905,53.0875262,8.8321922
30348907,53.0885704,8.8329894
30348908,53.0888378,8.8331939
30348909,53.0906207,8.8345556
30348910,53.0897479,8.8338912
30348911,53.0881384,8.8345719
30348926,53.0874379,8.8377872
30348927,53.0868712,8.8316888
30348928,53.0897507,8.8299169
30348929,53.0890391,8.829381
30348930,53.0884343,8.8289255
30348931,53.0877738,8.8284345
30348932,53.0915864,8.831331
30349202,53.089147,8.8320491
30349203,53.0909605,8.8334243
30349217,53.0863045,8.8328778
30349448,53.0886121,8.8387135
30357095,53.070574,8.8561813
30357096,53.0707447,8.8535213
30357097,53.0709046,8.8519875
30360324,53.0652654,8.8629043
30360328,53.0661814,8.8606403
30360817,53.0660731,8.8478762
30361370,53.0714789,8.848682
30361372,53.0722706,8.8396483
30361376,53.0711631,8.8339111
30361391,53.0716087,8.8454438
30361396,53.0719425,8.8380303
30361406,53.0723428,8.8427867
30362880,53.0692843,8.8411986
30366974,53.0715622,8.8361547
30366982,53.0719144,8.8378858
30366986,53.0704527,8.8379536
30366990,53.0724247,8.8424211
30366992,53.0699569,8.844198
30366993,53.069852,8.8414934
30366996,53.0696833,8.8414058
30366999,53.0692674,8.8438437
30367001,53.070761,8.844628
30367003,53.0688838,8.8470451
30367005,53.0690492,8.8471268
30367007,53.0702636,8.8475202
30367011,53.0688273,8.8484219
30367013,53.0676755,8.8464452
30367015,53.0686803,8.8415979
30367017,53.0688041,8.840938
30367021,53.0690373,8.8504613
30367042,53.070529,8.8502527
30367044,53.0697283,8.8498278
30367046,53.0692018,8.8495485
30367049,53.068862,8.8436357
30367051,53.0694227,8.8439235
30367052,53.0686816,8.8492725
30367053,53.0703095,8.8501362
30367054,53.0683274,8.846759
30367055,53.0673086,8.8485398
30367056,53.0701336,8.8330889
30367057,53.0674842,8.8402254
30367058,53.0682783,8.8357298
30367061,53.0709739,8.8322115
30367081,53.0748706,8.8465848
30367084,53.074129,8.8462467
30367095,53.0735125,8.8459622
30367149,53.072369,8.8455267
30367152,53.0716077,8.846054
30367159,53.0737265,8.8447096
30368116,53.0729611,8.8457102
30368613,53.0716265,8.8450633
30368884,53.0728819,8.8470469
30371131,53.0724648,8.8161392
30371133,53.0726036,8.8156614
30371135,53.0723804,8.817133
30371141,53.0730411,8.824252
30387787,53.0561787,8.8836416
30391944,53.059804,8.9142135
30391956,53.0594831,8.9019961
30391961,53.0595849,8.9081264
30391962,53.0595388,8.909314
30391977,53.0596282,8.9172556
30391981,53.0598074,8.914375
30391993,53.0594129,8.9233881
30391996,53.0590071,8.9305164
30391997,53.0589074,8.9324538
30391999,53.0586547,8.936999
30392330,53.0876609,8.9305752
30401661,53.0584605,8.809643
30401662,53.0581507,8.8100824
30401663,53.0578426,8.8105194
30401665,53.0575473,8.8109381
30401809,53.0519256,8.818692
30404296,53.0772118,8.8347905
30404297,53.0756316,8.8342341
30404298,53.0758124,8.8328288
30404299,53.0742146,8.8322665
30404300,53.0741345,8.832899
30404301,53.0743854,8.8309134
30404302,53.0759893,8.8314599
30404303,53.0760914,8.8306585
30404304,53.0761923,8.8298658
30404305,53.0763954,8.8282558
30404306,53.0749564,8.826378
30404307,53.0730128,8.8257277
30404309,53.0710414,8.8333535
30404310,53.0723777,8.8336133
30404311,53.0724615,8.832959
30404312,53.0725385,8.8323454
30404313,53.0726206,8.8317106
30404314,53.0727887,8.8303589
30404315,53.0729285,8.8287407
30404316,53.0773923,8.8333772
30405782,53.0740859,8.8267352
30405783,53.0739954,8.8274169
30405784,53.0737939,8.8290137
30405785,53.0736945,8.8298055
30405786,53.0756459,8.8296888
30405794,53.0760447,8.8343885
30405795,53.0764913,8.8345418
30405796,53.076792,8.8251564
30405797,53.0717253,8.8311832
30405798,53.0715522,8.832036
30405799,53.0714226,8.832626
30405800,53.0713001,8.8332181
30405803,53.0728961,8.8295247
30405806,53.0783456,8.8275336
30405807,53.076568,8.8269156
30405808,53.077236,8.8271639
30405810,53.0721373,8.8299214
30405815,53.0724923,8.8327064
30405829,53.0766659,8.8261461
30405834,53.0724998,8.8326449
30405836,53.0728269,8.8300621
30407997,53.0714075,8.8309417
30407999,53.0775638,8.8319993
30408001,53.0768916,8.8317699
30408002,53.0757467,8.8333096
30408003,53.0755953,8.8344873
30408005,53.0754468,8.8356737
30408007,53.0746269,8.8324148
30408009,53.0743659,8.8343441
30408011,53.0742716,8.8349653
30408013,53.0744776,8.8335186
30428797,53.0678087,8.8498436
30428798,53.0658769,8.8488113
30428799,53.0664645,8.8458523
30428800,53.0666407,8.8448968
30428801,53.0668064,8.8439826
30428802,53.0669695,8.8430748
30428803,53.0671339,8.8421541
30428804,53.0689656,8.8430292
30428805,53.0688101,8.8439365
30429101,53.0690351,8.8395525
30429102,53.0691969,8.8386057
30429103,53.0694432,8.8371722
30429104,53.0681452,8.8365318
30429105,53.0678926,8.8379591
30429106,53.0677221,8.8388889
30429107,53.0697358,8.8354894
30429108,53.0692682,8.8352292
30429109,53.0702195,8.8357361
30429129,53.0678572,8.8381677
30429136,53.0702005,8.8393994
30429138,53.0703696,8.8417621
30430018,53.069021,8.8369666
30430031,53.0657227,8.8363779
30436998,53.0721396,8.8389963
30436999,53.071275,8.839484
30437000,53.0702248,8.8426052
30437001,53.0700915,8.8433882
30437002,53.07212,8.8436012
30437003,53.0718843,8.8443321
30437004,53.0692818,8.8447396
30437005,53.0691617,8.8454354
30437006,53.0690447,8.846113
30437007,53.0705112,8.8460632
30437008,53.0706285,8.8453732
30437009,53.0689439,8.8477412
30437010,53.0703141,8.8481863
30437011,53.0703955,8.8467444
30437012,53.0789395,8.8332824
30437014,53.0790526,8.8325316
30437018,53.0793385,8.8278867
30437019,53.0790509,8.8277807
30437020,53.0743518,8.8227579
30441442,53.0736012,8.8212324
30441444,53.0740405,8.8204179
30441446,53.0745652,8.8189702
30441457,53.0747842,8.8182146
30441460,53.075266,8.8171267
30441484,53.0829871,8.8197797
30441485,53.0842234,8.822036
30441486,53.0592916,8.8977836
30441487,53.0614969,8.8925541
30441488,53.0606805,8.8986297
30441489,53.0610562,8.8959246
30441490,53.0613745,8.894155
30441492,53.0599077,8.8956042
30441494,53.0638347,8.8901565
30441497,53.0718289,8.8841973
30441499,53.071683,8.881768
30441500,53.0716902,8.8812438
30441502,53.0720174,8.8805665
30441503,53.0719908,8.8803046
30441504,53.0719119,8.8801964
30441505,53.0717904,8.8801802
30441506,53.0716737,8.8806382
30441512,53.0748004,8.8770481
30441516,53.0745489,8.8761025
30441518,53.074,8.8757963
30441521,53.0731766,8.8742511
30441525,53.0720576,8.8800658
30441526,53.0716004,8.8799138
30441527,53.0716586,8.8803828
30442182,53.0595344,8.894227
30454356,53.0974309,8.781336
30454357,53.0969226,8.7815577
30454358,53.0963617,8.7818114
30454359,53.097607,8.7813346
30454360,53.0981631,8.7804072
30454361,53.0976399,8.7774746
30454370,53.0986342,8.7794754
30454372,53.0975316,8.776625
30454374,53.1005969,8.775382
30454375,53.0994598,8.7777518
30477716,53.0782206,8.8001239
30479166,53.1771247,8.6239363
30479167,53.17716,8.6244962
30479172,53.1777169,8.6273858
30479174,53.177805,8.6286357
30479573,53.1702898,8.6272059
30492546,53.0939534,8.7948727
30578476,53.1088186,8.8094113
30579025,53.1075947,8.8057297
30579149,53.114664,8.7993829
30579631,53.1117162,8.8026321
30579633,53.1113455,8.8026541
30579637,53.1101173,8.8037692
30579644,53.1091751,8.8013545
30579659,53.1057808,8.7955177
30579660,53.1052507,8.7952078
30579676,53.1073557,8.7999004
30579762,53.1064989,8.7995451
30579764,53.1056294,8.7989514
30579767,53.1050645,8.8020044
30579787,53.1129162,8.8031748
30579793,53.1099491,8.8047002
30635390,53.0629458,8.8996214
30635393,53.0630836,8.8996319
30635436,53.0634438,8.8983567
30635440,53.0639534,8.8955383
30635443,53.0620877,8.8946183
30635463,53.0623293,8.8932022
30640763,53.0573852,8.8164234
30640818,53.0865933,8.7924532
30640820,53.0855936,8.7924248
30640821,53.0909091,8.7917297
30640822,53.0917561,8.7938219
30640965,53.1092957,8.7789696
30640967,53.1119394,8.774462
30641448,53.1065081,8.7789094
30642633,53.0649583,8.8789331
30645723,53.0886797,8.8686948
30645966,53.0883475,8.8705794
30654757,53.0883617,8.8730132
30654758,53.0881699,8.871376
30654762,53.0897335,8.8706278
30654763,53.089738,8.871766
30720711,53.079397,8.8138652
30736583,53.0826422,8.8096307
30736584,53.0830807,8.8102525
30796423,53.1040024,8.8167434
30796504,53.1063324,8.8183063
30796516,53.1075432,8.8178915
30905364,53.069703,8.7989892
30905370,53.0693821,8.7991102
30905372,53.06945,8.7993475
30909958,53.0711893,8.9160865
30909959,53.0711935,8.9162756
30909977,53.0717312,8.9291713
30909985,53.0693154,8.9344169
30910128,53.0694251,8.9344655
30910132,53.0686745,8.9374044
30910276,53.0717938,8.9293353
30910278,53.0726706,8.9276982
30910282,53.0730967,8.9255716
30910288,53.0720148,8.9203415
30929604,53.0679104,8.7788117
30963417,53.0962332,8.89213
30963419,53.0963416,8.8961957
30963806,53.0971371,8.8924921
30963974,53.0915021,8.8995204
30964123,53.09851,8.8963486
30964166,53.0884493,8.9018354
30980540,53.0733435,8.8622446
30980640,53.0667662,8.8684174
30980645,53.0663101,8.8698759
30980650,53.0664943,8.8700372
30980654,53.0661907,8.8697713
30980664,53.0687474,8.8609229
30980820,53.0693779,8.8618865
30980824,53.067732,8.8548002
30982367,53.0687788,8.8293076
30982375,53.0712484,8.8314025
30982935,53.0802282,8.8471269
30982936,53.0796077,8.8476087
30982937,53.079512,8.8441724
30982939,53.0785126,8.8410675
30983240,53.0786831,8.8447596
30983282,53.0790649,8.8372033
30992603,53.0765145,8.8195983
30992608,53.0761489,8.8189368
30992609,53.0768077,8.8227344
30992732,53.0728423,8.8221396
30992733,53.0729645,8.8232417
30992734,53.073015,8.8256031
30992823,53.1371745,8.7216654
30992824,53.138129,8.7232165
30992893,53.1394453,8.7263955
30992895,53.1403001,8.7272126
30992900,53.1349834,8.7176317
30992901,53.1356334,8.7191416
30992903,53.136199,8.720111
30992905,53.1397749,8.725632
30992959,53.1431216,8.7229599
30992963,53.1423738,8.7215934
30992999,53.1353763,8.7152924
30993025,53.1358788,8.7155333
30993057,53.1354477,8.7154392
30993095,53.1344746,8.7165288
30993106,53.1293505,8.726635
30993114,53.1295285,8.7265634
30993123,53.1338811,8.7180526
30993127,53.134556,8.7166794
30993128,53.1350142,8.7160802
30993136,53.1337805,8.7176707
30993139,53.1358236,8.715598
30993146,53.1404822,8.713953
30993147,53.1401082,8.7138593
30993148,53.1393157,8.7139637
30993151,53.1377124,8.7142395
31057316,53.0893377,8.9313625
31075535,53.0726536,8.8273673
31075536,53.0723587,8.8283504
31075537,53.0721598,8.8289142
31075538,53.07191,8.8295338
31075539,53.071684,8.8301347
31075540,53.0714796,8.8307311
31075541,53.0698681,8.8300505
31075542,53.0688243,8.8277534
31075543,53.0713504,8.8247918
31075544,53.0702997,8.8252568
31075545,53.0716098,8.8259353
31075546,53.070269,8.8257836
31075547,53.070238,8.826349
31075548,53.0706216,8.8264129
31075550,53.0696696,8.8279276
31075551,53.070134,8.8280195
31075556,53.0705235,8.8297811
31075557,53.0696215,8.8289376
31075558,53.0700572,8.8292999
31075560,53.0710752,8.8303463
31075563,53.0713141,8.8286626
31075564,53.0710927,8.8284864
31075567,53.0712168,8.8265249
31075568,53.0710689,8.8268024
31075572,53.072314,8.8257256
31075576,53.0726011,8.8256772
31075581,53.0693632,8.8309923
31079071,53.0706667,8.8277241
31079565,53.0728211,8.8219055
31086864,53.179829,8.7713558
31088123,53.1739805,8.749268
31090865,53.1768769,8.7500901
31109585,53.1777999,8.749808
31109587,53.1777794,8.7492042
31109948,53.1787508,8.7509453
31109949,53.1795265,8.7494326
31110780,53.1791523,8.7442206
31111052,53.1795922,8.7509558
31111053,53.1790988,8.7502714
31111074,53.1792089,8.751705
31111097,53.1799908,8.7501429
31116638,53.1663991,8.7527564
31117337,53.1512537,8.9093839
31117343,53.1527977,8.9126803
31117361,53.164171,8.9275077
31117369,53.1697811,8.9272641
31117384,53.1726363,8.9009079
31117457,53.1640547,8.9274826
31117487,53.1640622,8.927931
31117493,53.1636588,8.9316867
31117496,53.1630189,8.934493
31117499,53.1625321,8.9374694
31117502,53.1617197,8.9394356
31145770,53.0843788,8.8062976
31145773,53.086864,8.8021135
31145775,53.0868719,8.8011009
31145777,53.0871857,8.7996901
31248113,53.037749,8.8870558
31248636,53.0534766,8.9118219
31248644,53.0592696,8.901136
31277138,53.0765222,8.7565751
31277169,53.0763015,8.7566269
31298408,53.0835804,8.8428895
31298413,53.0842008,8.8448576
31308343,53.1385538,8.7247425
31308345,53.1363058,8.7316045
31308346,53.136016,8.7316395
31308347,53.1352239,8.7339391
31308348,53.1104351,8.7696862
31308350,53.1090295,8.7724005
31308356,53.1078948,8.7745044
31308357,53.1066352,8.7771774
31308365,53.1002248,8.7793063
31308366,53.0996957,8.7797434
31308368,53.0980469,8.7806078
31308369,53.0976132,8.7816179
31308370,53.0949034,8.7872767
31319902,53.0389796,8.8934548
31319904,53.0390234,8.8906736
31319911,53.0403203,8.8861117
31329339,53.0495229,8.6209637
31329341,53.0499291,8.6251361
31329342,53.0485211,8.625466
31329344,53.0477017,8.6267894
31329350,53.0450856,8.6323122
31329353,53.0455712,8.6338504
31329357,53.0475195,8.6396212
31329361,53.0480155,8.644622
31329371,53.0530046,8.6627717
31329394,53.0808634,8.8166812
31329402,53.0800648,8.8161604
31329403,53.0798102,8.8159931
31329413,53.0804245,8.8148706
31329449,53.0803389,8.8154509
31330228,53.0697703,8.8016185
31330239,53.0699304,8.8006732
31330251,53.0700612,8.7998604
31330252,53.0699803,8.8003683
31369781,53.0796048,8.8162335
31370346,53.0335988,8.6732833
31381885,53.0331294,8.6709168
31576513,53.1024778,8.9119063
31576514,53.1021336,8.9131068
31576517,53.1032984,8.9093707
31734077,53.0917214,8.8803369
32048471,53.0566303,8.7543664
32048472,53.0584146,8.7576428
32048475,53.0585457,8.7579065
32048486,53.0603233,8.7627071
32316483,53.0575687,8.7211025
32316492,53.0582491,8.7192996
32316493,53.0589725,8.7231906
32316509,53.0532884,8.7409094
32316518,53.047225,8.7384258
32316523,53.0473459,8.7344214
32316891,53.0568801,8.7225246
32316896,53.0534597,8.7226288
32316903,53.0551565,8.7228919
32316912,53.0533326,8.7238205
32316920,53.05284,8.7245089
32316934,53.0520594,8.7228806
32316955,53.0504477,8.7219018
32316971,53.0475677,8.7202495
32316973,53.046511,8.7192107
32317413,53.0468598,8.722149
32317414,53.0462094,8.7238021
32317417,53.0454016,8.7254106
32317418,53.0449066,8.7263935
32317419,53.045541,8.727553
32317420,53.0465381,8.7293283
32317421,53.0461971,8.7301377
32317427,53.0461936,8.7313505
32317627,53.054222,8.7242058
32343013,53.0591088,8.73633
32343023,53.0577076,8.7362601
32343036,53.0658853,8.7536209
32343061,53.0783995,8.7582297
32343066,53.0811908,8.7556474
32343068,53.0822698,8.7548347
32343121,53.0793602,8.7558745
32343123,53.07938,8.7560753
32343131,53.0849187,8.7515231
32343135,53.0856277,8.750333
32343375,53.0625726,8.7725317
32343376,53.0612876,8.7694118
32431184,53.054767,8.7204801
32431191,53.0536374,8.7208097
32431193,53.0539401,8.7215489
32431201,53.0536647,8.7204436
32431202,53.0521332,8.7190217
32431205,53.053837,8.7187367
32431210,53.0539011,8.7181102
32431211,53.0558541,8.7179481
32431214,53.0559575,8.7186283
32431215,53.0557227,8.7161635
32432772,53.0515176,8.7304776
32432775,53.052485,8.7307348
32432781,53.05183,8.736119
32432782,53.0517371,8.7373186
32432784,53.0514787,8.7397621
32433817,53.0496785,8.7357687
32433832,53.0508608,8.7369657
32434282,53.0479517,8.7313253
32434285,53.0478011,8.7324324
32434291,53.0477917,8.7337274
32434305,53.0473653,8.7337192
32443802,53.0530587,8.7410446
32452581,53.0532811,8.7154789
32452588,53.0549341,8.7159275
32452893,53.0546426,8.7311055
32453235,53.0446943,8.7215704
32453620,53.0434921,8.7237471
32458313,53.0584866,8.7279804
32458319,53.0597935,8.725034
32458323,53.0583926,8.725241
32458338,53.0596656,8.7228199
32893800,53.179444,8.711715
32893805,53.1797007,8.7120251
32922115,53.0615143,8.7713339
32922123,53.0610631,8.774587
32922126,53.060483,8.7755616
32922128,53.0657488,8.7839627
32922133,53.0587865,8.7785753
32923388,53.0595841,8.7734171
32923394,53.0603622,8.7630975
32923396,53.0610898,8.7675448
32923408,53.06135,8.7620088
32923410,53.0605901,8.7625911
32923413,53.0625454,8.7560366
32923414,53.0601974,8.7570378
32923415,53.0586595,8.7576976
32923416,53.0600076,8.7629482
32923417,53.0601001,8.7633056
32923418,53.0597416,8.7634224
32923419,53.0581935,8.7580647
32923420,53.0580686,8.7577815
32923447,53.0565916,8.7545263
32923505,53.0639609,8.7751626
32923509,53.0631177,8.7735848
33075744,53.1139066,8.8502883
33075748,53.1124468,8.850297
33148158,53.071225,8.8639093
33148159,53.0710606,8.8639674
36800885,53.0716268,8.8830778
36800886,53.070506,8.8841987
36800889,53.0693047,8.8877493
36800898,53.0461656,8.9160109
36800905,53.0415864,8.9316592
36801165,53.0478321,8.9035235
36801178,53.0383677,8.9392944
39002043,53.1122698,8.8941319
39002060,53.1164618,8.8997559
39002072,53.1127093,8.8931266
39031946,53.149369,8.91632
39032002,53.1152388,8.8939238
39032017,53.1182443,8.8969973
39032034,53.1198819,8.8984981
39032050,53.121056,8.8996271
39032055,53.1228479,8.9000291
39032098,53.1274655,8.8989494
39032165,53.1241067,8.8999083
39032191,53.1211018,8.8994239
39032232,53.1183255,8.8967719
39032304,53.1402037,8.9055151
42133762,53.1041639,8.9038268
42133776,53.1052556,8.9026902
42133782,53.1058417,8.9021036
42133789,53.106763,8.9011406
42133809,53.1117963,8.9110425
42146077,53.1048923,8.8992711
42146088,53.102902,8.8983418
42146103,53.0996694,8.8969044
48632119,53.0493742,8.8917759
48632130,53.0531201,8.8944314
48632800,53.050602,8.8887254
48633530,53.0503673,8.8853235
48633539,53.0502504,8.8840862
48633540,53.050011,8.8841463
48635057,53.0483334,8.8846614
49289927,53.0984434,8.8395656
49499347,53.1155342,8.9009461
49499351,53.114407,8.9016573
49510193,53.0646361,8.8644339
49510214,53.0636899,8.866723
51943465,53.0717282,8.8951766
52247597,53.0818334,8.8051362
52247610,53.0831097,8.8062184
52247614,53.0846301,8.8032425
60601215,53.0900329,8.8389933
60658258,53.112533,8.7557032
60658262,53.1122096,8.7507606
60658264,53.1104501,8.7566493
60658265,53.1104252,8.7568213
60658268,53.1106163,8.7566906
60658269,53.1105987,8.7568587
60849352,53.0598243,8.8119641
60849354,53.0594294,8.8111908
64812480,53.0910362,8.8397505
64812481,53.0906106,8.8409256
64812482,53.0902707,8.8418229
64812489,53.0909284,8.8438141
64812491,53.0913198,8.8428824
71885197,53.0548317,8.6237451
71885345,53.054916,8.6230099
71888072,53.0533591,8.6280655
71890209,53.0517735,8.6244884
71890653,53.0536905,8.6238686
73824883,53.0327827,8.6219164
73824884,53.0339973,8.6233203
73824886,53.0360628,8.6261137
73824889,53.0373447,8.628254
73824890,53.0376469,8.6293202
73824891,53.0383889,8.6318678
73824893,53.0404051,8.6347489
73824894,53.0414171,8.636168
73824896,53.042577,8.6377048
73824898,53.0432194,8.6381006
76469976,53.0584955,8.881229
76470053,53.0588525,8.8813894
76648692,53.0530486,8.8823098
76648697,53.0573177,8.8797531
76648698,53.0573302,8.8799474
76650068,53.0406913,8.883968
76650071,53.0484259,8.8836761
76650072,53.0513054,8.8831163
76654604,53.0405966,8.8764809
76658018,53.0586568,8.8794486
76658020,53.0583061,8.8768494
76663740,53.0345459,8.88521
76667253,53.0346086,8.8878015
79220751,53.1190495,8.8948173
79232053,53.1176857,8.8977842
79232076,53.1147774,8.8949011
79232084,53.1142293,8.8960896
79232086,53.12745,8.8986747
79721498,53.0813972,8.8057802
79721510,53.0813263,8.8060271
79721521,53.0837705,8.8048468
79732115,53.084697,8.8030969
80032402,53.1638453,8.8307798
80252142,53.1347171,8.8955448
95613453,53.1089475,8.8624228
95613464,53.1096044,8.8632543
95613475,53.1083644,8.8629737
102890153,53.0513894,8.8961314
102890155,53.0523262,8.8989838
102890157,53.0527184,8.9001331
102898051,53.0515236,8.8965032
102899286,53.0531645,8.8991872
102900888,53.0528631,8.896498
102900893,53.0524804,8.8989706
102906471,53.0508172,8.902345
102916465,53.0466914,8.9001818
102916466,53.0453362,8.8990228
102916467,53.0467484,8.8973806
102916468,53.0462508,8.89456
102916470,53.0479407,8.8920243
102917649,53.0471952,8.8999003
102917777,53.0490565,8.9025467
102919903,53.0475919,8.902162
102932319,53.1569739,8.7115191
102932320,53.156993,8.7122049
102932327,53.1570745,8.7148715
102932328,53.1569901,8.7168714
102932336,53.1561991,8.7210572
102932342,53.1587022,8.7220832
102940624,53.1518148,8.7084998
102941269,53.1530135,8.7121318
102944152,53.1544199,8.7171477
102945533,53.1562539,8.7125648
102945536,53.1535435,8.7143679
102946497,53.1554956,8.7114365
102946499,53.1529614,8.7116817
102947853,53.1540363,8.7125566
102947860,53.1531952,8.7132661
103070976,53.1539648,8.715705
103071730,53.1515207,8.7145146
103072032,53.1523109,8.7139825
103072035,53.1533679,8.7162019
103072256,53.153146,8.7130736
103073172,53.1504234,8.714117
103074421,53.1523612,8.7125134
103074430,53.1489442,8.7156612
103074435,53.1480702,8.7140074
103074437,53.1474247,8.711404
104470847,53.0452072,8.885134
104471005,53.0516141,8.8840108
104471023,53.0510294,8.8840002
104471268,53.0531009,8.8839748
104471737,53.0486185,8.8966338
105944732,53.1435989,8.7129043
105944811,53.1393297,8.7140969
105944822,53.1401473,8.7139612
105944841,53.1393621,8.7139578
105944889,53.1401854,8.7138631
105944897,53.1402088,8.7129085
106322653,53.1521017,8.7163379
106322663,53.1497801,8.7199283
106322674,53.1477155,8.7194812
106322685,53.146975,8.7205921
106322693,53.14636,8.7215295
106322699,53.1461394,8.7218841
106322704,53.1453756,8.7231667
106322720,53.1450033,8.7237861
106322727,53.1488066,8.7178372
106322728,53.1482171,8.7231591
106322734,53.1453041,8.7194636
106322743,53.1444773,8.7177102
106322757,53.1440349,8.7162674
106322763,53.1436819,8.7164549
106322774,53.1426646,8.7155043
106322796,53.1451082,8.7123701
106322865,53.1440786,8.7159199
106322955,53.1474695,8.7117063
106322999,53.1514879,8.7094096
106323002,53.1513869,8.7092498
106326583,53.1598274,8.7124524
106326591,53.1570845,8.7124983
108135240,53.0590635,8.8977904
108196690,53.0378315,8.8841938
108259470,53.0608331,8.8794719
108259493,53.0583873,8.8819789
108259514,53.0575131,8.8826078
108259527,53.0576004,8.8824655
108277020,53.0513437,8.8836055
108277080,53.0486683,8.8845503
108277136,53.0484817,8.8843141
109653586,53.0405228,8.8839662
109654082,53.0462236,8.888177
115243739,53.0958951,8.8440435
115259358,53.0915742,8.8383118
117750761,53.056118,8.7298491
117750772,53.0564221,8.7294248
117750812,53.0573128,8.7288089
117750919,53.0551286,8.7331801
117751264,53.054888,8.7377933
117751455,53.0578488,8.7326874
117751553,53.0558329,8.7383902
117751571,53.0562861,8.7395853
117751646,53.0538981,8.7424838
117770629,53.0593554,8.7373918
117770654,53.0597898,8.7392758
117770742,53.0616991,8.7445615
117770761,53.0625561,8.7461513
117770824,53.0615835,8.7410323
117770845,53.0586981,8.7402505
117770888,53.0572211,8.7417482
117771009,53.0568754,8.7411473
117771087,53.059406,8.7429987
117771159,53.0581637,8.7378859
121901853,53.031445,8.7457752
121902112,53.0308331,8.7476413
121902114,53.030401,8.7472639
121902142,53.0301228,8.7481173
121902187,53.0311414,8.7479358
121902192,53.0313762,8.7481614
121902211,53.0305207,8.7507746
121902229,53.0307046,8.7502268
121902234,53.0313039,8.7507863
121902252,53.0309806,8.7494236
121902256,53.0315734,8.7499859
121902277,53.03124,8.7486404
121902282,53.0318343,8.7491698
121902327,53.0315057,8.7467969
121902349,53.0302212,8.7452699
121902383,53.0305816,8.7413503
121902398,53.0311903,8.7397545
121902402,53.0317756,8.7402216
121902444,53.0331014,8.7406797
121902452,53.0321994,8.7398753
121902457,53.032708,8.7403316
121902467,53.0330962,8.7391475
121902555,53.0302649,8.7423367
121907818,53.0302786,8.7390092
121928091,53.033622,8.7312252
121928098,53.0333927,8.7311853
121928192,53.0308186,8.7299487
121928198,53.0303371,8.7300689
121928243,53.0331294,8.7324395
121928253,53.032856,8.7333894
121928262,53.0325773,8.7343244
121928267,53.032287,8.7353346
121928270,53.0320194,8.7362308
121928283,53.0308684,8.7353506
121928318,53.0311353,8.7344223
121928335,53.0317053,8.7324805
121928337,53.0319863,8.7315183
121928341,53.0318793,8.7368797
121928345,53.0317262,8.7373346
121928346,53.0305306,8.7364197
121928350,53.0330536,8.7372688
121928357,53.0333317,8.735708
121928370,53.0322312,8.7355301
121928379,53.0337204,8.7357557
125347961,53.1062872,8.7958165
125659701,53.0356428,8.7094759
125659866,53.0317285,8.7286263
125659869,53.032218,8.7280001
125659881,53.0330903,8.7257232
125659892,53.031474,8.7272321
125659902,53.0319638,8.7270029
125659906,53.0321648,8.7256703
125660521,53.030388,8.7316245
125660525,53.0329116,8.7287631
125660526,53.0333989,8.7284565
125660528,53.0347374,8.7275687
125660530,53.0352177,8.7276399
125660532,53.0339801,8.727115
125660535,53.0332788,8.7278059
125660547,53.0336818,8.7304504
125660549,53.0334853,8.7312079
125660550,53.0342026,8.729362
125707546,53.0346398,8.7260749
125707590,53.0349746,8.7240289
125708006,53.0338388,8.7082443
125708015,53.0349892,8.7077852
125708044,53.0349228,8.7069369
125709357,53.033762,8.7013189
125709373,53.0336423,8.7004066
125709388,53.0340631,8.6942489
125709546,53.0386657,8.7253616
125709575,53.0382687,8.7280384
125723603,53.0324639,8.718084
125723616,53.0326046,8.7155547
125723628,53.0333454,8.718271
125723638,53.0333103,8.7166253
125857835,53.1035271,8.8557539
125857839,53.103414,8.8556775
126047966,53.0933925,8.8420846
130102697,53.0351072,8.6829482
130103324,53.0370524,8.6815622
130103325,53.0372074,8.6814316
130103328,53.038558,8.6796629
130103329,53.0386675,8.6794643
130103731,53.0367271,8.6785369
130103735,53.036041,8.6787687
130103743,53.0367279,8.6808389
130103768,53.0356889,8.6770604
130103769,53.0382606,8.6790249
130103773,53.0369683,8.6773944
130103779,53.0367648,8.6784351
145877098,53.0304729,8.6682886
152685133,53.1212041,8.7887037
158597768,53.0691414,8.7742955
158598388,53.0689018,8.7734598
159943151,53.0510351,8.8965164
159943164,53.0500879,8.8962948
159943176,53.0511047,8.8944157
159943205,53.0525103,8.8919258
159943214,53.0539555,8.8914026
159943220,53.0619183,8.8858127
159988534,53.0621311,8.8678615
159988541,53.0643289,8.8693879
159988589,53.0837112,8.7964464
159988602,53.0831291,8.7967881
159988634,53.0923357,8.7847724
160386246,53.053482,8.9049467
160386564,53.0554274,8.899108
160386569,53.0555627,8.8988494
160386646,53.0515026,8.8931295
160386652,53.0527673,8.8931527
160386659,53.0535119,8.8911092
161446703,53.0490069,8.8198074
161930371,53.0578215,8.7911818
162023651,53.0821808,8.8073033
162023658,53.0818682,8.8106951
162023659,53.0815333,8.810198
162023666,53.0819484,8.8109559
162504309,53.0597387,8.9093453
162504334,53.0564319,8.9091958
162504381,53.0534912,8.9079528
162553900,53.0682748,8.9131515
162553909,53.0682406,8.9141506
162553918,53.0682487,8.9143295
162553923,53.065297,8.9131604
162553930,53.0653026,8.9141471
162553938,53.0653011,8.9143259
162554012,53.0626604,8.9141399
162554019,53.062659,8.9143155
167061506,53.0551078,8.8867541
167061514,53.0498001,8.8926957
167061530,53.0508186,8.8926947
167061531,53.0503032,8.8935882
167061533,53.0498778,8.8928654
167061594,53.049422,8.898299
167061627,53.0530033,8.9079397
167061695,53.0520261,8.9005737
167061701,53.0516894,8.8994264
167061738,53.0513953,8.9009776
167061775,53.0487552,8.9007806
167061808,53.0511166,8.8999656
167061857,53.0469326,8.9018256
167061866,53.0474692,8.9043012
167061870,53.0458347,8.9023981
167061875,53.0463961,8.9030395
167061903,53.0439332,8.9006141
167061904,53.0434372,8.9010807
167061929,53.0461002,8.9017616
167061941,53.0446307,8.8998235
167061996,53.0426193,8.9019753
167062031,53.0434694,8.8986532
167062074,53.0413189,8.9004388
167062119,53.0407797,8.9004037
167062341,53.0446772,8.8968851
167062349,53.0435265,8.8974752
167062356,53.0440318,8.8952883
167062363,53.0438504,8.8960318
167062389,53.04247,8.8953354
167062398,53.0424917,8.8970252
167062403,53.0438241,8.8981711
167062442,53.0452889,8.895993
167062447,53.0452596,8.8936545
167062452,53.0457758,8.8952553
167062455,53.0457015,8.8933
167062512,53.0451979,8.8961306
167062516,53.0458688,8.8983889
167062520,53.0464769,8.8958418
167062528,53.0478498,8.8945478
167062570,53.0523764,8.8965181
167062573,53.0525069,8.8944336
167062578,53.0519452,8.889147
167062610,53.0497143,8.8912499
167062645,53.0551075,8.8871398
167062743,53.0538595,8.8891136
169341695,53.0430185,8.8970705
169341698,53.043046,8.8960085
169341703,53.0420053,8.9004183
169371265,53.0425408,8.8904021
169371279,53.0454506,8.8856722
169371300,53.0475582,8.8868745
169371341,53.0496525,8.8874582
169371490,53.046717,8.8897002
169371496,53.0427798,8.8893995
169371501,53.0444897,8.8876189
169371505,53.0445632,8.8895181
169371508,53.0450435,8.8877942
169371512,53.0452161,8.8895862
169371535,53.0432822,8.8894251
169371581,53.0437309,8.8933128
169371587,53.0446881,8.8905844
169371592,53.0432516,8.8904412
169430485,53.0338032,8.8805349
169430491,53.0342903,8.8829295
169430496,53.0344385,8.8840323
169430509,53.034269,8.8911839
169430554,53.0343452,8.8912098
169430566,53.034638,8.8879028
169430589,53.0322631,8.8876548
169430623,53.0331289,8.8810035
169430629,53.0321308,8.8847478
171159245,53.0726972,8.8678296
171159251,53.072982,8.8663894
171159300,53.0687067,8.8743706
171211720,53.0774026,8.8784303
171211792,53.0753014,8.8846441
171211902,53.0666204,8.8808709
171211920,53.0662934,8.8802812
171212038,53.0730187,8.8734634
171212043,53.0735754,8.8730716
171212094,53.0749313,8.8754914
171212322,53.0767383,8.878688
171212329,53.0764219,8.8796671
171212397,53.0753637,8.8771771
171212405,53.0761007,8.878717
171212663,53.0732973,8.8791575
171212671,53.0767766,8.880868
171212706,53.0750987,8.882403
171212744,53.0746566,8.8825389
171212767,53.0721429,8.8807077
171212774,53.0719629,8.8807137
171212782,53.0728323,8.8811916
171212824,53.0697307,8.878349
171212829,53.0705349,8.8772975
171212870,53.0710097,8.8784627
171212986,53.0714409,8.8795155
171213008,53.0692603,8.882002
171213043,53.0705494,8.880673
171213076,53.0716492,8.8835234
171310568,53.0700692,8.8835668
171310584,53.0688492,8.8812056
171310615,53.0664754,8.8819958
171310620,53.065746,8.8831946
171310624,53.0653664,8.8838249
171310636,53.0649518,8.8845045
171310662,53.0656146,8.8863598
171310663,53.0663246,8.885143
171310779,53.0683978,8.8846496
171379473,53.0747561,8.8692345
171388281,53.0673202,8.8723432
171388284,53.0637978,8.8730891
171388288,53.0596765,8.8946725
173540264,53.0894678,8.896176
173540270,53.0901681,8.8953502
173540320,53.0914262,8.8933249
173540326,53.0918001,8.8925696
173540355,53.123333,8.781118
173540373,53.1214229,8.7860634
173540400,53.1446375,8.736469
173540427,53.1431161,8.7383562
173608373,53.1562722,8.7068732
173608448,53.1598105,8.7134757
173608458,53.1687529,8.6953214
173608470,53.1697724,8.6965328
173608482,53.169779,8.6967609
173608520,53.1737146,8.6929966
173608525,53.1729746,8.6861078
173608529,53.1733195,8.6860771
173608597,53.0928054,8.890757
173608600,53.0919473,8.8917623
173608604,53.0911345,8.89301
173608610,53.0907108,8.8939857
173618483,53.1439792,8.7374823
173618488,53.1424557,8.7383768
173618503,53.1415371,8.7395098
173618552,53.1451567,8.7380576
175673165,53.039037,8.9165149
175673180,53.0378569,8.9196189
175675366,53.0520622,8.9210731
175675514,53.0525984,8.9135215
175675533,53.0525577,8.9130562
175862235,53.0480075,8.6203488
175862998,53.0480334,8.6205007
175865278,53.0520913,8.6251238
175872598,53.0516535,8.6245468
176436593,53.0532764,8.6327367
177189991,53.1041851,8.8496152
178540325,53.0971687,8.835445
178540333,53.09721,8.8352825
178553242,53.0950853,8.8401162
178553245,53.0932933,8.8381126
181295689,53.0786172,8.808027
181295698,53.0776904,8.8090335
181296516,53.0771124,8.8046068
181316658,53.1363197,8.8973809
181316783,53.1376439,8.8985517
181316809,53.1371646,8.9002239
181316810,53.1395384,8.9025542
181316811,53.1402329,8.9011424
181316824,53.1395084,8.9001676
181316909,53.1384183,8.8987102
181316991,53.1405651,8.9003502
181316993,53.1417133,8.8978654
181317001,53.1436547,8.8999834
181317008,53.141405,8.9024261
181317028,53.1422916,8.9028387
181317030,53.1410432,8.9021947
181317074,53.1399539,8.9049193
181317199,53.1406255,8.9040197
181317235,53.140386,8.9059499
181317409,53.1395439,8.9069894
181317410,53.1406887,8.9066725
181317436,53.1430191,8.9044791
181318124,53.1430298,8.9053463
181318194,53.1420249,8.9109975
181318196,53.1414901,8.9089721
181318200,53.1413746,8.9086034
181318241,53.141694,8.9095285
181318342,53.141037,8.9131349
181319116,53.1435858,8.9094826
181319148,53.1431791,8.9113614
181319149,53.1427313,8.9136305
181319303,53.1415931,8.9122165
181319316,53.1430794,8.9141416
181319326,53.1418837,8.9143193
181319375,53.142458,8.9131778
181319448,53.1426228,8.9124654
181319561,53.1449377,8.9072652
181319656,53.1459917,8.9022694
181319868,53.1507525,8.8829625
181319909,53.1433164,8.8968202
181319910,53.1444097,8.8985351
181320444,53.1496497,8.9185594
181320451,53.1517451,8.9148205
181320452,53.1524439,8.9143189
181320641,53.1508207,8.9160793
181320689,53.1525631,8.9154003
181320691,53.1525063,8.9123191
181320708,53.1501306,8.920171
181320935,53.1474432,8.9206374
181320981,53.1467277,8.9176516
181321178,53.1521771,8.9267865
181321392,53.1530699,8.9288007
181321393,53.1539273,8.9292871
181321463,53.152934,8.9273065
181321464,53.1526216,8.9252223
181321469,53.1534463,8.9253165
181321470,53.1527583,8.9258155
181321481,53.1542182,8.9262974
181321486,53.1541965,8.92745
181321521,53.1562574,8.9265889
181321531,53.1558119,8.9244853
181321533,53.1547159,8.9220189
181321612,53.1486498,8.9152131
181321702,53.1511589,8.917717
181321729,53.1514113,8.9200649
181321887,53.1529884,8.9205089
181321913,53.1523246,8.9211299
181322037,53.1511196,8.9214259
181322127,53.1535182,8.9378136
181323905,53.1620485,8.938793
181323952,53.1613061,8.9369436
181323953,53.1606522,8.9387759
181323954,53.1611972,8.939978
181324158,53.1591575,8.9387509
181324162,53.1594153,8.9369938
181324354,53.1603821,8.9357812
181324424,53.1596026,8.9338671
181324542,53.1603852,8.9340816
181324543,53.1608314,8.9351617
181324544,53.1611641,8.933138
181324673,53.1632734,8.9330511
181324757,53.1637914,8.9331287
181324762,53.1631906,8.9388498
181324811,53.1625765,8.9373211
181324901,53.1633913,8.9363178
181324903,53.1628881,8.938024
181324908,53.163052,8.9399187
181324925,53.162019,8.9388746
181325302,53.164037,8.9329394
181325413,53.1646214,8.932663
181325414,53.1654968,8.9322854
181325445,53.1638872,8.9299561
181325446,53.1650687,8.9324755
181325556,53.1642214,8.929134
181325627,53.1645994,8.9275155
181325660,53.1682847,8.9305757
181325748,53.1688091,8.9288397
181325749,53.1690668,8.9278836
181325911,53.1701384,8.9399421
181325979,53.172187,8.9376668
181326092,53.1710271,8.9287217
181326094,53.1721937,8.9293418
181326214,53.1696714,8.9281825
181326231,53.1725647,8.9282451
181326233,53.1727396,8.9261385
181326486,53.1727641,8.9247645
181326638,53.1710342,8.9236144
181326743,53.1729173,8.9206327
181326746,53.1722559,8.9181839
181326876,53.1739306,8.9208912
181326936,53.1746151,8.9191426
181326937,53.175786,8.9223961
181326951,53.1742757,8.9201582
181327011,53.1752753,8.9210157
181327052,53.1623064,8.9221638
181327120,53.1619519,8.9212025
181327139,53.158355,8.917444
181327140,53.1595268,8.9155707
181327142,53.1609749,8.918345
181327143,53.1620501,8.9198597
181327307,53.1543684,8.9207564
181327310,53.1557754,8.9179063
181327428,53.1538193,8.9185382
181327462,53.1532584,8.9173288
182984202,53.1401625,8.9137581
182984203,53.140063,8.9143761
182984206,53.1392874,8.9167659
182989227,53.1369991,8.9166066
182990823,53.1395366,8.9103917
182991728,53.1393653,8.9095604
182993722,53.1383881,8.9099211
182993724,53.1377329,8.9109203
182993728,53.1363763,8.9134196
182993857,53.1362149,8.9158281
182994911,53.1365089,8.914624
182996149,53.1369852,8.9140066
182996156,53.1382569,8.9129836
182996305,53.1340066,8.9134246
182997161,53.1374202,8.908642
182997990,53.1376003,8.9072761
182999298,53.1387932,8.9079146
183003534,53.134821,8.9117704
183003546,53.1355565,8.912244
183010250,53.13481,8.9089044
183011476,53.1340908,8.9104937
183013922,53.1394122,8.9070965
183014598,53.1408554,8.9154572
187798620,53.0354633,8.8232063
187798806,53.0341094,8.8210708
197765930,53.0649673,8.8701288
197765936,53.0605662,8.8802482
197765941,53.06051,8.8817008
197765977,53.0610612,8.8863226
197765990,53.0590431,8.8857186
197766031,53.0628122,8.8797507
197766060,53.0631641,8.8724717
197766065,53.061003,8.8745493
197766076,53.0603688,8.8764232
197766135,53.0587752,8.8792815
197766161,53.0593653,8.8858208
197766167,53.0592792,8.8862333
197766179,53.0599553,8.8859795
197766245,53.0589854,8.8892081
197766250,53.0589179,8.8896164
197766319,53.056427,8.8940265
197766322,53.0571812,8.8942682
197766326,53.0560669,8.8919279
197766329,53.054977,8.8946791
197766335,53.0557144,8.8917983
197766461,53.0552065,8.8847746
197766463,53.0552462,8.8835148
197766507,53.0508681,8.8862933
197766512,53.0510067,8.8870381
197766556,53.0506768,8.887878
197766560,53.0508391,8.8879848
197766660,53.0542993,8.8846072
197766663,53.0541679,8.8865333
197766669,53.0524666,8.8873533
197766674,53.0518974,8.8860785
198374479,53.0562167,8.8841815
199130252,53.0801846,8.8903359
199130302,53.0800602,8.8866573
199130308,53.0801293,8.8881231
199130317,53.0804007,8.8880855
199130325,53.0801917,8.8894482
199130763,53.0796516,8.9043013
199130764,53.0794542,8.894678
199130770,53.080322,8.901207
199131593,53.0784917,8.9059788
199131602,53.0777236,8.9060665
199131654,53.0777567,8.9081107
199131660,53.0784685,8.9081246
199131667,53.0785081,8.9044597
199131675,53.0807521,8.9039315
199131733,53.0802384,8.9041408
199131955,53.0727929,8.9147785
199131970,53.0739453,8.9138165
199131978,53.0750633,8.9135028
199131984,53.0739342,8.9147267
199132014,53.074011,8.9047609
199132053,53.0744532,8.9040313
199132064,53.0744436,8.9032184
199132073,53.072724,8.903194
199132157,53.0762129,8.8921044
199132188,53.0790246,8.8861816
199132278,53.077604,8.8863402
199132293,53.0761617,8.8889833
199132297,53.0764804,8.8889418
199132308,53.0762034,8.8905944
199132315,53.0765496,8.8905571
199132448,53.0777966,8.8963248
199132457,53.0792413,8.8965376
199132483,53.0762405,8.8974156
199132493,53.076601,8.897351
199132519,53.0765215,8.899032
199132545,53.0781433,8.8986339
199132626,53.0787067,8.8963816
199132634,53.0761913,8.8990681
199132642,53.0777363,8.8984964
199132705,53.076717,8.9035513
199132725,53.0767234,8.909126
199132756,53.0767403,8.9070383
199132792,53.0767586,8.9049773
199132819,53.0762295,8.9048688
199132828,53.0762133,8.9069096
199132837,53.0761966,8.9090219
199132888,53.0739983,8.9074858
199132895,53.0728404,8.9074623
199132903,53.0739575,8.9129544
199132916,53.0728046,8.912908
199132925,53.0739039,8.9102448
199132934,53.0728991,8.910212
199132938,53.0718551,8.9155029
199132954,53.0718914,8.9147606
199132978,53.0714276,8.9068854
199132984,53.0719066,8.9078054
199132993,53.0728794,8.907784
199133004,53.0728799,8.9119571
199133269,53.0589844,8.9142161
199133282,53.0589542,8.912774
199133337,53.0575309,8.9124145
199133358,53.0559675,8.9117104
199133368,53.0560221,8.9114267
199133378,53.0534757,8.9105109
199133498,53.0716371,8.8914719
199269478,53.0804904,8.889407
199269611,53.078454,8.9094692
199269621,53.0781187,8.9103532
199269630,53.0721477,8.9119642
199292613,53.07885,8.9011131
199292623,53.0790297,8.9010297
199292634,53.0788767,8.9008788
204168766,53.1117469,8.8986015
204168771,53.1118666,8.8937463
204169042,53.1112353,8.8955019
204175807,53.1096617,8.895504
204178021,53.110731,8.8926536
205125613,53.1148301,8.8970476
205127099,53.1240998,8.8987005
205127100,53.1241854,8.8964125
205127103,53.1285132,8.895285
205128339,53.1219206,8.8953801
205128340,53.1230801,8.896571
205128341,53.1233835,8.8970427
206349284,53.1440305,8.7155819
206349306,53.1467842,8.7231406
206349310,53.1468306,8.723232
206349318,53.1540554,8.7140168
206351138,53.1471785,8.7158751
206351149,53.1445277,8.7152528
206351209,53.1549193,8.7150535
206360263,53.1638409,8.7395946
206360313,53.1347995,8.725699
206360318,53.1365856,8.7392186
206360326,53.1379503,8.7346737
206360327,53.1388022,8.7332886
206360332,53.1372658,8.7386603
206360333,53.1386603,8.7334944
206360454,53.140644,8.7361502
206360469,53.1383474,8.729464
206360471,53.1372444,8.7285769
206360475,53.1356288,8.7327711
206360477,53.1364871,8.7334839
206360481,53.1369249,8.731919
206360489,53.1363072,8.7277331
206360491,53.1331771,8.7149819
206360501,53.1355057,8.7139109
206360505,53.1356498,8.7129608
206360520,53.1375116,8.7078745
206360591,53.1378863,8.7050299
206360593,53.1384714,8.7054061
206360604,53.1409598,8.7050249
206360637,53.1399846,8.7023534
206360639,53.1396571,8.701444
206360646,53.1415672,8.7044049
206361557,53.1468714,8.7158023
206361558,53.1465807,8.7166966
206361771,53.1356653,8.7118437
206361779,53.1305834,8.7062648
206367925,53.1795376,8.7112143
206367926,53.1793672,8.7114184
206368919,53.1375764,8.6983384
206368935,53.1435449,8.6916766
206368945,53.14166,8.6993336
206368946,53.1410836,8.6989553
206368948,53.140444,8.6985564
207136693,53.0630605,8.9017619
207136782,53.0638722,8.8950008
207136783,53.0631606,8.8926586
207136785,53.0656462,8.8910677
207136787,53.0640414,8.8918993
207136790,53.0647532,8.8952166
207136791,53.0650897,8.8929821
207136796,53.0644337,8.8933942
207136798,53.0649067,8.8892084
207136801,53.066693,8.8904985
207136802,53.0667139,8.8879985
207136804,53.0656471,8.8904672
207136806,53.0656401,8.8954321
207136821,53.066697,8.8954497
207136828,53.0661118,8.9005844
207136836,53.0666982,8.8970614
207136837,53.0651316,8.8971659
207136847,53.0666995,8.8986527
207136856,53.0667004,8.9005207
207136858,53.066745,8.9010454
207136995,53.0682493,8.903903
207137147,53.0705709,8.8907915
207137329,53.0598124,8.9157315
207137330,53.0601255,8.9143489
207137332,53.0601141,8.9157506
207137349,53.0597934,8.9172989
207159402,53.0713002,8.9161852
207171011,53.0791753,8.8861542
207330010,53.0622062,8.9316939
207330011,53.0622953,8.9332188
207330014,53.0618255,8.9363586
207332978,53.0754536,8.9377405
213590668,53.0857076,8.8725242
218622814,53.0715199,8.8176957
218706553,53.0723783,8.8234091
218708137,53.0719365,8.82249
218717721,53.0705163,8.8224064
218718746,53.0704972,8.8240951
218726109,53.0697431,8.8228159
218726442,53.069788,8.8243959
218790854,53.0715009,8.8237127
218805296,53.0689532,8.823606
218805308,53.0695851,8.8244811
218807856,53.0713318,8.8237702
218854162,53.0697292,8.8184952
221157127,53.0727703,8.8212967
221171381,53.0728946,8.8197741
221175493,53.0737775,8.8179707
221175495,53.0735278,8.8175803
221175499,53.0729981,8.8172813
221177266,53.0731799,8.8199315
221192100,53.0729692,8.8175919
224078777,53.0766267,8.8234377
224079687,53.077276,8.820942
224414944,53.0428349,8.6446996
224414955,53.0424106,8.6403283
224414981,53.0436079,8.6426356
224423380,53.0359943,8.6402054
224423397,53.0361285,8.6385038
225575494,53.0769779,8.8112549
226066812,53.1264463,8.9067705
228517021,53.0369707,8.8420619
228517029,53.0378543,8.8421338
228517109,53.0369091,8.8443989
230040395,53.0788073,8.8192149
230041453,53.0782853,8.8209584
230041791,53.0779312,8.821351
230052550,53.0795723,8.8204181
238065436,53.0530937,8.9118069
238065439,53.053335,8.9138764
238065454,53.0536433,8.9118943
238065457,53.0535495,8.91597
238065470,53.0589581,8.9122262
238065494,53.0593996,8.9093034
238065496,53.0593932,8.9084281
238065498,53.0573639,8.9134865
238065512,53.0561927,8.9105101
238065516,53.0562124,8.9103991
238065522,53.0534817,8.909293
238065524,53.0556693,8.912778
238065528,53.0550334,8.9148059
238065532,53.0548578,8.9157232
238065536,53.0548397,8.9161371
238065544,53.0548585,8.9194013
238065563,53.0535744,8.9153576
238065566,53.054437,8.9156076
238065572,53.0548267,8.9159933
238065577,53.0536228,8.9142082
238065580,53.0561526,8.9151782
238065583,53.0536416,8.9131062
238065585,53.0553226,8.9138071
238065586,53.0561639,8.9141002
238065625,53.0557228,8.9162609
238065653,53.0558522,8.9182646
238065674,53.0553716,8.920389
238065786,53.0562917,8.9165585
238065795,53.0581951,8.9197402
238065801,53.0595822,8.9200009
238065807,53.0581334,8.9182423
238065833,53.0590552,8.9188079
238065849,53.0588205,8.9199255
238065854,53.0585901,8.9214442
238065876,53.0583312,8.9230871
238065888,53.0588761,8.923256
238066075,53.0577452,8.930047
238066094,53.0578932,8.9342534
238066104,53.0570647,8.9362744
238066154,53.0576943,8.9365747
238066157,53.0574426,8.9389632
238147657,53.0589365,8.9215837
238224137,53.0584025,8.930304
239630794,53.071498,8.9053583
239630798,53.0719191,8.9041463
239630800,53.0838149,8.9096921
239630801,53.0851509,8.908438
239630804,53.0850387,8.9083971
239630806,53.0850117,8.9085745
239630808,53.0851155,8.9086326
239630812,53.084542,8.9124182
239630830,53.0867655,8.9102147
239630855,53.0860841,8.9076254
239630859,53.0858014,8.9112183
239630861,53.0844285,8.9060489
239630888,53.0680021,8.9338281
239630905,53.0651208,8.9327576
239631106,53.0411982,8.9028473
239631114,53.0441275,8.904484
239631163,53.0393814,8.9109102
239631165,53.0424558,8.9126142
239631171,53.0430031,8.9129873
241757471,53.0735824,8.8119125
242160822,53.073865,8.8707327
242160837,53.0782733,8.859169
242160871,53.0798073,8.8549727
242160875,53.0838312,8.851572
242160878,53.0830214,8.8516637
242160887,53.0845033,8.8505159
242160893,53.0849458,8.8404219
242160895,53.0851966,8.8417419
242160899,53.0910628,8.8362204
242160901,53.0930736,8.8393075
242160902,53.0937934,8.8403014
242160903,53.0960164,8.8364433
242160904,53.0955411,8.836171
242160908,53.0947451,8.8413375
242160931,53.0903423,8.8478904
242160944,53.0970491,8.8445201
242160949,53.097534,8.8428685
242160954,53.097959,8.8410778
242160967,53.0989623,8.8383351
242160968,53.0982805,8.8413019
242273842,53.0816751,8.8556786
243425816,53.0526584,8.9127856
243497559,53.0669004,8.8553456
243497563,53.0666133,8.8574999
243497564,53.0664797,8.8585019
243974382,53.0466442,8.6371335
243974386,53.0465937,8.6369874
243974397,53.0462688,8.6360127
244040177,53.0813765,8.8590578
244040183,53.0802811,8.8625693
244040228,53.0821984,8.865274
244040245,53.081012,8.863816
244040267,53.0804033,8.8649556
244040268,53.0790937,8.8672918
244040318,53.0813038,8.868274
244040630,53.0798726,8.8681139
247491471,53.1755407,8.6652917
247491472,53.1754378,8.6638793
247491475,53.1743008,8.653983
247491477,53.1740081,8.6510868
247491682,53.174399,8.640361
247491683,53.1743789,8.6401504
247491699,53.1731666,8.6401449
247491701,53.1731597,8.6435666
247491711,53.1737282,8.6484913
248179483,53.061551,8.8418866
248202745,53.0305473,8.6513041
248408024,53.053652,8.7909385
248408028,53.0560956,8.7873592
248408031,53.0537061,8.7910336
248408033,53.0561483,8.7874473
248458611,53.1121199,8.9018813
248458823,53.1165728,8.908987
248458824,53.1175358,8.9104351
248458918,53.1198684,8.9145215
248458919,53.1176046,8.9182478
248458920,53.1194416,8.9132268
248459009,53.1180225,8.917516
248459056,53.1172371,8.916465
248459184,53.1040755,8.9029195
248497999,53.0473532,8.7385686
248498099,53.0466729,8.7422667
248498166,53.0366039,8.7314476
248498181,53.0343532,8.7324698
248498218,53.0565544,8.7866976
248498224,53.0567336,8.7967488
248498225,53.057725,8.7952311
248498226,53.0571985,8.7942511
248498227,53.0547203,8.789541
248498246,53.0535455,8.7692124
248498423,53.0362917,8.667407
248498425,53.0358612,8.6697146
248498426,53.0375379,8.6731279
248498638,53.0309588,8.6495
248498641,53.0305606,8.6453755
248498646,53.030069,8.648272
248498650,53.0309674,8.6453851
248578406,53.0578949,8.7881118
248633295,53.0844978,8.815762
249504732,53.0316673,8.6332891
249505356,53.0315248,8.6351232
249513490,53.0354588,8.633651
249513503,53.0355197,8.6728608
249513507,53.0366046,8.6715917
249513514,53.0371254,8.6702594
249513526,53.0317057,8.6446969
249513527,53.0356348,8.6450965
249513533,53.0446099,8.6710333
249513534,53.0490149,8.6578923
249513535,53.0519917,8.6489135
249513537,53.053003,8.6463922
249513546,53.0537165,8.639394
249513547,53.05328,8.6329235
249516817,53.0340087,8.7300804
249516822,53.0413391,8.7362865
249516827,53.0446092,8.7359792
249516830,53.0453235,8.736617
249516838,53.0384111,8.7271176
249516841,53.0362865,8.7257879
249560794,53.1627197,8.6457096
249560972,53.165082,8.6441412
249560975,53.1667932,8.6375824
249560980,53.1670753,8.6312287
249786522,53.0333642,8.8128687
249796787,53.0425781,8.8121223
249796791,53.0435924,8.8139164
249796792,53.0507453,8.8109713
249796793,53.0498564,8.8104916
249807682,53.0300788,8.6389644
249807683,53.0303185,8.6358216
249807685,53.0303507,8.635588
249807687,53.0303958,8.6351074
249807721,53.0450516,8.6583666
249807722,53.0327364,8.6395188
249807736,53.0326875,8.6477561
249810035,53.0483597,8.6275246
249810037,53.0488199,8.627954
249810040,53.0491657,8.6252996
250067146,53.095597,8.6471719
250067152,53.0951947,8.6566224
250067158,53.0943107,8.666676
250213222,53.0383992,8.7338371
250213223,53.0399538,8.7318903
250213226,53.0405866,8.7306858
250218089,53.0304789,8.6424845
250218090,53.0311317,8.6426147
250218092,53.0318204,8.6427546
250218095,53.030595,8.640754
250218097,53.0312683,8.6408928
250218098,53.0319482,8.6410345
250250609,53.0588214,8.7637679
250250610,53.0586808,8.7638171
250250611,53.0581794,8.7639894
250250612,53.0578872,8.7641033
250250613,53.0576811,8.7641594
250250615,53.0572369,8.7643207
250250616,53.0566315,8.7645385
250250617,53.0560209,8.7647709
250250618,53.0556027,8.7649888
250250619,53.0553916,8.7650994
250250620,53.054645,8.7655439
250250621,53.0541016,8.7659549
250250622,53.0536848,8.7662898
250250624,53.0533554,8.7673326
250250629,53.0535298,8.7687666
250250630,53.0547306,8.7683326
250250631,53.0548353,8.7689217
250250636,53.0560212,8.7687891
250250639,53.0571638,8.7684798
250250645,53.0583321,8.7680766
250250647,53.0589992,8.7657975
250250655,53.057421,8.7618882
250250663,53.0552313,8.7627484
250250681,53.0581141,8.7602401
250250704,53.056349,8.7623112
250250713,53.0537794,8.7599991
250250716,53.0522663,8.7623757
250250721,53.0547415,8.7654822
250250722,53.0548973,8.7661608
250250729,53.0561335,8.7654511
250250734,53.0573185,8.7649955
250250739,53.0582861,8.7646415
250250814,53.0573467,8.7600821
250250817,53.0562658,8.7605675
250250821,53.0551066,8.7609478
250250824,53.0540382,8.762974
250273818,53.0506404,8.7694363
250273820,53.0518911,8.7688169
250273825,53.0513195,8.7667978
250380753,53.0492197,8.6263689
250380928,53.0478707,8.6204795
250380931,53.0479687,8.620594
250382881,53.0466002,8.9150233
250382883,53.0474301,8.9089385
250382885,53.0474335,8.9109892
250382903,53.046243,8.914395
250382910,53.0451418,8.9123225
250382912,53.0451876,8.9110882
250382915,53.0445464,8.9109325
250383035,53.0443793,8.9117984
250383042,53.0443781,8.9076041
250383049,53.0431318,8.9091256
250383051,53.0430001,8.9122404
250383052,53.0423716,8.9125619
250383053,53.0427365,8.912787
250383056,53.042705,8.9123615
250383057,53.0446029,8.9103175
250383058,53.0430498,8.9106498
250383061,53.0397579,8.9089189
250383062,53.0401476,8.9091668
250383066,53.0434132,8.9079225
250383069,53.040312,8.905896
250383076,53.0407953,8.9095728
250383077,53.0404295,8.9111853
250383079,53.0417948,8.9101815
250383080,53.0414563,8.9116935
250383082,53.0390753,8.9126969
250383083,53.041607,8.9124298
250383085,53.0417856,8.9143932
250383090,53.0414187,8.9169669
250383093,53.0407959,8.9179946
250383096,53.038887,8.9181513
250383097,53.0396227,8.9181025
250383105,53.0393849,8.9161449
250383106,53.0400975,8.9158661
250383108,53.0415877,8.9154556
250383110,53.0401421,8.9159798
250383111,53.0406296,8.9125984
250383114,53.0410848,8.9154453
250383116,53.0401468,8.914013
250383118,53.0397957,8.9146312
250383119,53.0390204,8.9148378
250383120,53.0397876,8.9144501
250383127,53.0399416,8.9145985
250383135,53.0442339,8.9145321
250383140,53.0427869,8.928876
250383148,53.0408744,8.9309034
250383155,53.0398207,8.9322083
250383156,53.0409803,8.9318411
250383157,53.0422519,8.9314517
250383158,53.0385861,8.930693
250383160,53.0397495,8.9288303
250383161,53.0389427,8.9304985
250383164,53.0399798,8.9287297
250383167,53.0384444,8.9279976
250383168,53.0402959,8.927495
250383169,53.0384041,8.926982
250383170,53.0402717,8.926496
250383171,53.0383848,8.9265087
250383183,53.0382845,8.9249425
250383190,53.0411428,8.9187264
250383192,53.0408161,8.9230009
250383193,53.0432919,8.9237272
250383194,53.0428928,8.9277765
250383195,53.0412972,8.9272027
250383196,53.0430863,8.9257921
250383197,53.0413891,8.9252639
250383198,53.0402717,8.9250882
250383199,53.0403955,8.9238967
250383239,53.0410052,8.9219478
250383242,53.0392262,8.921729
250383243,53.0397408,8.9247579
250383249,53.0429457,8.9162226
250383250,53.0443189,8.9142805
250383252,53.0440768,8.9157077
250383264,53.0435383,8.921437
250383265,53.0421481,8.9201025
250383283,53.0433991,8.9225684
250383284,53.0416908,8.9220752
250383285,53.0420167,8.9221655
250383287,53.0421512,8.9165982
250383292,53.043199,8.9246816
250383304,53.0446205,8.9175771
250383306,53.0444279,8.9194627
250383307,53.0456833,8.9198139
250383308,53.0465666,8.9150946
250383311,53.0463698,8.9109975
250383312,53.0463654,8.9103101
250383313,53.0470537,8.9109909
250383314,53.0470461,8.9102559
250383318,53.044751,8.9088927
250383321,53.0463223,8.9089608
250383323,53.0473038,8.9075915
250383338,53.0447034,8.9093396
250387050,53.0470685,8.9130002
250387053,53.039261,8.9262939
250559431,53.0810719,8.8550167
250559434,53.0800224,8.8517832
250559435,53.0793693,8.8496569
250566896,53.0828337,8.7922805
250566897,53.0827174,8.7921372
250566902,53.0835907,8.7977775
250566906,53.0842343,8.7999516
250566919,53.0797581,8.7987105
250712712,53.0838742,8.7992365
250712714,53.0839983,8.7990127
250743615,53.081262,8.8047832
250743616,53.0820281,8.8046306
250743833,53.0824101,8.8036218
250743834,53.0827424,8.8022525
250743835,53.0830444,8.8010052
250744080,53.0827006,8.8040132
250744661,53.0838439,8.8020959
250747096,53.0807054,8.793378
250747098,53.0802973,8.7954213
250747100,53.080627,8.7955476
250748303,53.0802697,8.7967376
250751671,53.082081,8.7947753
250755166,53.085553,8.8020216
250755167,53.0858072,8.8013035
250755168,53.0861914,8.8003004
250755170,53.0852422,8.7989301
250755173,53.0847367,8.7995158
250755178,53.0858509,8.7981012
250755184,53.0857971,8.7979874
250757151,53.0866451,8.8017179
250757152,53.0857429,8.8034322
250757155,53.0858967,8.8029533
250757165,53.0855795,8.7953296
250757959,53.0861941,8.7965605
250766932,53.0599175,8.78418
250766933,53.0583492,8.781418
250766935,53.0566816,8.7784021
250766943,53.0580617,8.7791379
250767000,53.0520029,8.7878545
250776296,53.1732227,8.6382646
250798555,53.083377,8.7976311
250798575,53.0836673,8.7997056
250816620,53.0762113,8.8047086
250816623,53.0755976,8.8053056
250929765,53.1686739,8.6283707
250929766,53.1695978,8.632254
250929768,53.168976,8.6293227
250930042,53.1703182,8.6347365
250930047,53.1670571,8.6346076
250931744,53.1725377,8.6492992
250931760,53.1733991,8.6496882
250931767,53.1746592,8.6498009
250931823,53.1731778,8.6496562
250931860,53.17384,8.6496871
250931924,53.1739541,8.6498225
250934398,53.1742706,8.6497162
250966196,53.1278161,8.7406084
250966198,53.1263285,8.7414303
250966199,53.1258256,8.7417949
250966241,53.1272213,8.7460907
250966273,53.127065,8.7448503
250966274,53.1266502,8.7429451
250966541,53.1268133,8.7452526
250966546,53.129315,8.7407698
250966724,53.1296258,8.7300074
250967378,53.1269277,8.7391753
250967383,53.1282941,8.7428534
250967468,53.1280007,8.7419023
250967655,53.1301409,8.7427257
250967780,53.1292568,8.7350652
250967783,53.1315244,8.7335286
250969442,53.1288074,8.7292953
250969443,53.1306133,8.7309244
250969445,53.1312197,8.7324117
250969448,53.1326704,8.7357034
250969449,53.1331874,8.7360916
250969661,53.1322429,8.7349598
250969853,53.1638596,8.654684
250970114,53.1714818,8.6478975
250996038,53.1411669,8.7386665
250998140,53.1336202,8.7430548
250998148,53.1341715,8.7411718
250998154,53.1351805,8.7391097
250998196,53.1380717,8.7409933
250998303,53.1353181,8.7466522
251016597,53.1292177,8.7400505
251042172,53.0813136,8.8105445
251042174,53.0817904,8.807875
251049253,53.1291533,8.7346018
251049298,53.1295357,8.7347617
251049321,53.1292593,8.734656
251052345,53.1328828,8.73898
251052347,53.1331654,8.7403619
251052348,53.1331227,8.740909
251052354,53.1293466,8.7436446
251052376,53.1302657,8.744482
251058045,53.0735127,8.8009614
251058046,53.0732702,8.8004001
251058047,53.0754467,8.7983765
251058048,53.0745163,8.7970329
251058049,53.0742931,8.7976178
251058051,53.0739742,8.8003733
251058052,53.0735783,8.799539
251059642,53.086956,8.7827857
251071676,53.051576,8.631116
251071687,53.0518809,8.6298251
251083387,53.1248373,8.7403828
251083852,53.1268412,8.7503394
251116846,53.1347841,8.738481
251174458,53.0376247,8.9117826
251174463,53.0384296,8.9144762
251174465,53.0390062,8.9142468
251174513,53.0366696,8.9165564
251174535,53.0378907,8.9192095
251174537,53.0379817,8.9194871
251174566,53.0354805,8.9221969
251174601,53.0363722,8.9278712
251174634,53.0384704,8.9340984
251174722,53.0414321,8.9338609
251174737,53.0400701,8.9321326
251174747,53.0405485,8.9359344
251182982,53.0454997,8.91781
251183042,53.0443076,8.9224759
251183046,53.0451466,8.9226232
251183063,53.0440968,8.9246013
251183068,53.0441825,8.9236383
251183071,53.0437079,8.9237039
251183079,53.043999,8.9165989
251183083,53.0447221,8.9165935
251308336,53.1660951,8.6562748
251308922,53.1651066,8.6566029
251308923,53.1649082,8.6565687
251308924,53.1640515,8.6566103
251309019,53.1636144,8.6566215
251319699,53.1673807,8.6388766
251319751,53.1674387,8.6431016
251319754,53.1664091,8.6435632
251319798,53.1654811,8.6426171
251319819,53.1681024,8.642803
251319821,53.169057,8.6423638
251319826,53.1667756,8.6408203
251322864,53.1688413,8.6464585
251322971,53.168682,8.647871
251346295,53.1665522,8.6471156
251378857,53.0301559,8.6445999
251378858,53.0301569,8.6439221
251444553,53.1330541,8.738431
251444804,53.1325293,8.7317489
251444913,53.134254,8.730129
251444928,53.1325361,8.7312633
251444942,53.1344158,8.7302924
251444991,53.1325424,8.7323627
251445502,53.1684281,8.6886254
251445513,53.1656446,8.6768254
251445524,53.1697295,8.6883866
251453389,53.0349491,8.6244762
251453391,53.0351507,8.6242075
251453393,53.0352013,8.6248292
251453398,53.0337963,8.6231846
251453399,53.0339161,8.6236317
251453401,53.033844,8.6248397
251453403,53.0340636,8.6270969
251453413,53.0350423,8.6245987
251453422,53.0311246,8.6251524
251456228,53.0350222,8.6298064
251456233,53.0458518,8.6560112
251456235,53.0480097,8.6482123
251456628,53.0385837,8.7342568
251456630,53.0379185,8.7351598
251456771,53.0444017,8.7388785
251456773,53.0442773,8.7391722
251456775,53.0435386,8.7383513
251456776,53.0429411,8.7379909
251456778,53.0420731,8.7374899
251470057,53.1262105,8.743641
251470337,53.1251536,8.7423648
251470338,53.1256862,8.7415337
251483237,53.1648366,8.6471274
251487134,53.1360829,8.7419954
251487137,53.1366027,8.739779
251516633,53.0718874,8.9203571
251516651,53.0714804,8.923949
251607252,53.1646739,8.6685639
251607256,53.1642552,8.6654189
251608039,53.1756287,8.6965209
251608180,53.0986891,8.7761365
251709690,53.1311084,8.7290059
251709697,53.132768,8.7262164
251709794,53.1327255,8.7283864
251710081,53.1317546,8.7320441
251882363,53.125307,8.7465692
251882365,53.1243313,8.74793
251882366,53.1235478,8.7488178
251882369,53.1239349,8.7498512
251882527,53.1235408,8.7477224
251882529,53.1247448,8.7489329
251882548,53.1220451,8.7501418
251882554,53.1234578,8.7503996
251882755,53.1052905,8.8021089
251882788,53.1047683,8.8021648
251882929,53.1197366,8.7524852
251883693,53.1044433,8.7840731
251883782,53.1043175,8.7827414
251982756,53.0448179,8.9157161
251982896,53.0383344,8.9362124
251982898,53.0375108,8.9362668
251982902,53.0370467,8.9325978
251982909,53.0367199,8.9377602
252026329,53.0943738,8.7879313
252026490,53.0939766,8.7885446
252026661,53.0921475,8.7904466
252026894,53.0966061,8.7938772
252026910,53.0957654,8.7953373
252058120,53.1275365,8.7490813
252058564,53.1315777,8.7599605
252059012,53.1217537,8.7891502
252059211,53.1218943,8.7896095
252059256,53.1377748,8.7949238
252059322,53.1576224,8.7764274
252097115,53.1286612,8.7292215
252097162,53.1158016,8.751311
252097433,53.1168161,8.7426691
252097452,53.1199151,8.7136531
252097512,53.11507,8.745267
252098600,53.1108371,8.7512361
252098669,53.1101407,8.7554361
252099129,53.1146438,8.7515235
252099134,53.1148468,8.7502278
252099292,53.1129642,8.7499539
252107834,53.0962652,8.7725232
252107835,53.0968352,8.7714908
252107838,53.1009479,8.7634886
252107862,53.0986012,8.7602854
252107961,53.0969263,8.7764917
252107984,53.0946768,8.7721132
252107985,53.095476,8.7704076
252107987,53.0940705,8.7714797
252107991,53.0940198,8.7684142
252108145,53.0972113,8.774553
252108152,53.1007524,8.7731031
252108153,53.1013173,8.7740912
252108188,53.0967967,8.7736655
252108917,53.1063221,8.7637889
252108918,53.1067573,8.7647222
252108919,53.1078416,8.7631056
252108922,53.1025756,8.7695238
252108923,53.1035624,8.7675084
252109528,53.1054024,8.761774
252110317,53.1092998,8.7564108
252110375,53.1087279,8.758917
252110829,53.1061648,8.7654841
252110957,53.1047623,8.7657063
252110960,53.1038196,8.7638149
252111011,53.1043758,8.7648996
252111032,53.105947,8.7629437
252111176,53.0996181,8.7714933
252111583,53.0986302,8.7758683
252112128,53.0896668,8.7775862
252112418,53.0972714,8.7618226
252112545,53.0875939,8.7817752
252128869,53.1407988,8.7361397
252135613,53.0318206,8.6326284
252135627,53.0303619,8.6266013
252135649,53.0318359,8.623794
252135654,53.0332846,8.6265476
252135659,53.032252,8.6351125
252135661,53.0321731,8.6393986
252135662,53.0323917,8.6367605
252135666,53.0371617,8.6296079
252135669,53.0380585,8.6314714
252135673,53.0351424,8.6318596
252135675,53.0368145,8.6315148
252135678,53.0369252,8.6315003
252135680,53.0350448,8.6310136
252135690,53.0335545,8.6346377
252135692,53.0337189,8.6326109
252135699,53.0352186,8.6323079
252135700,53.0358834,8.641855
252135701,53.0357758,8.6432344
252135702,53.0327503,8.6377508
252135703,53.0328722,8.6362844
252135704,53.0329784,8.6349258
252135708,53.0357706,8.6352629
252151794,53.1743675,8.6395966
252151854,53.1763417,8.6415079
252152879,53.1794454,8.6476057
252161974,53.1377999,8.7404602
252162040,53.1388698,8.7413538
252164989,53.0459886,8.6470299
252385773,53.0811718,8.7554475
252386057,53.0856625,8.7292995
252386061,53.0877946,8.7221003
252386066,53.0888694,8.719064
252386076,53.0944256,8.7103252
252386083,53.0985896,8.7034366
252386089,53.0811153,8.7538577
252386093,53.0838083,8.7503478
252386094,53.0853511,8.7484573
252386105,53.0873472,8.7335107
252387135,53.0916547,8.7309699
252387440,53.0863157,8.7154816
252387445,53.0877544,8.7115311
252387448,53.09055,8.7039641
252387455,53.0967686,8.7024357
252387659,53.0797882,8.7371418
252387949,53.0876721,8.7155415
252387954,53.0884734,8.7130656
252388767,53.0948811,8.7126088
252388768,53.0957872,8.7168751
252389062,53.0903312,8.7203395
252389298,53.0902394,8.7243409
252389478,53.0877941,8.7258993
252389542,53.0933098,8.7225305
252389926,53.0851928,8.7347901
252390738,53.0917313,8.7429446
252390739,53.0919986,8.743133
252391284,53.0847682,8.7517094
252391293,53.0888514,8.7540876
252406662,53.0814163,8.8506069
252463272,53.1686148,8.6225451
252463551,53.1698343,8.6234631
252463554,53.1693761,8.6231012
252464045,53.1702635,8.6273416
252529276,53.1411975,8.8992428
252529498,53.1635875,8.7984862
252529500,53.1771052,8.8101217
252529814,53.1771484,8.807872
252530079,53.1514354,8.7027764
252533486,53.1425918,8.7091377
252533491,53.1431724,8.711003
252550707,53.1737034,8.6235677
252550714,53.1709784,8.6231852
252567659,53.161848,8.6464094
252581944,53.1217018,8.7877729
252585034,53.1587121,8.7781677
252633704,53.0597625,8.9192306
252633712,53.0606388,8.9236832
252633719,53.0626971,8.9252294
252633722,53.0663799,8.925773
252633726,53.0695628,8.9269017
252633738,53.0684762,8.9247171
252633742,53.0691001,8.9289529
252633747,53.0707691,8.9302216
252633748,53.0699922,8.9249956
252633755,53.0676098,8.9311079
252633768,53.0674147,8.9290911
252633789,53.0678542,8.9274152
252633794,53.0652217,8.9320696
252633795,53.0658318,8.9294693
252633798,53.0662777,8.9267433
252633800,53.0660624,8.9282315
252633802,53.0657678,8.9297616
252633809,53.0644902,8.9300285
252633815,53.0644755,8.9254906
252633817,53.064303,8.9292035
252633824,53.0652123,8.9273354
252633831,53.0643439,8.9271783
252633869,53.0625289,8.9276118
252633908,53.0636347,8.9301285
252633925,53.0623487,8.9292537
252633932,53.0602736,8.923624
252633935,53.0603879,8.9285828
252633937,53.0601145,8.9309234
252633946,53.0592374,8.9306005
252633948,53.0590612,8.9296173
252634000,53.0672865,8.9387957
252634001,53.0676232,8.9377542
252634021,53.0685605,8.937815
252634023,53.0675543,8.9365386
252634024,53.066568,8.9360573
252634066,53.0611028,8.9384367
252634070,53.0604381,8.9358768
252634072,53.0602728,8.937064
252634076,53.061052,8.9360889
252634080,53.0611331,8.9354187
252634081,53.0602062,8.935794
252634085,53.0602852,8.9351493
252634102,53.0595631,8.9358642
252700231,53.1099441,8.8855153
252829273,53.092975,8.7742438
252829281,53.0928746,8.7740812
252829303,53.0881227,8.7829881
252829596,53.0928865,8.7766566
252830322,53.0861035,8.7875026
252830324,53.0863064,8.7876684
252830327,53.0868483,8.7875922
252830329,53.0871027,8.7878858
252830331,53.086033,8.7878919
252830333,53.085479,8.7884398
252830336,53.085013,8.7891558
252830404,53.1014892,8.7742748
252830439,53.1026515,8.7768246
252830931,53.1130093,8.7609015
252830974,53.1165948,8.7588807
252830985,53.1160967,8.758945
252830991,53.1184091,8.756306
252831008,53.1091335,8.7724678
252831011,53.1094045,8.773036
252831012,53.1095169,8.7731027
252832185,53.1134048,8.7719546
252832194,53.1153056,8.7665435
252832196,53.1170236,8.7638798
252832202,53.119991,8.7594965
252832637,53.1209214,8.7605022
252832638,53.1213611,8.7611172
252832639,53.1216455,8.7615288
252832642,53.1230228,8.7635488
252832643,53.1241831,8.7652334
252833579,53.1272649,8.7652064
252833939,53.1264844,8.7502828
252834108,53.1255602,8.7516762
252834111,53.1253439,8.7531304
252834519,53.1274017,8.7534495
252834522,53.1267601,8.755022
252836641,53.1259104,8.7523063
252836643,53.1264219,8.7532021
252836645,53.1271052,8.7541748
252836710,53.1270545,8.7506065
252836812,53.1275504,8.7514953
252836826,53.1266715,8.7511756
252836827,53.1271586,8.7520851
252836828,53.1262938,8.7517367
252836829,53.1267911,8.7526446
252837278,53.1083444,8.7785032
252921858,53.1220487,8.902483
252922414,53.1239453,8.9118496
252922415,53.1235061,8.9113048
252922416,53.1221839,8.9093199
252923777,53.124955,8.9013632
252923976,53.1247502,8.9020904
252923978,53.1220753,8.9059597
252923979,53.1212091,8.9078956
252925344,53.123152,8.9072355
252925347,53.1244035,8.9077912
252957631,53.0331376,8.7003515
252957657,53.0635238,8.6481288
252957660,53.0637444,8.6470848
252957666,53.0661702,8.6397949
252957669,53.0663117,8.6397899
252957670,53.0662501,8.6395947
252957674,53.0658996,8.6338249
252957683,53.054199,8.6453018
252990959,53.1156219,8.7544026
252990961,53.1151669,8.7542637
252990962,53.1147777,8.7539032
252990965,53.1143792,8.7528047
252991201,53.1178522,8.7567617
252991206,53.1169634,8.7577731
252991371,53.1190248,8.7539852
252991557,53.1150418,8.7552505
252991894,53.1121939,8.7569073
252992163,53.115547,8.7562876
252992284,53.1149403,8.7612124
252992285,53.1157495,8.7623131
252992286,53.1162048,8.7629056
252992410,53.1123989,8.7681018
252992414,53.1134554,8.7662225
252992445,53.1118142,8.7672852
252992463,53.1140409,8.7704922
252992472,53.1125964,8.7684342
252992476,53.1117459,8.7698988
252992480,53.1104664,8.7699337
252992483,53.1110713,8.7721083
252992484,53.1098826,8.7710091
252993127,53.1105351,8.7728725
252993129,53.1106085,8.7734869
252993130,53.1114285,8.771522
252993263,53.1114977,8.7637942
252993264,53.1106262,8.7656288
252993271,53.1100091,8.7671124
252993287,53.1095106,8.7642803
252993288,53.111744,8.7671921
253003860,53.120828,8.9005725
253003861,53.1204812,8.9013169
253003862,53.1201708,8.9020414
253003865,53.1195738,8.903935
253003866,53.1191531,8.9047032
253003967,53.1170439,8.9072897
253004415,53.1248705,8.9076372
253005676,53.1308761,8.911462
253005677,53.134694,8.8985089
253005924,53.1268936,8.9015729
253005927,53.1267812,8.9026229
253005972,53.132021,8.8818888
253006822,53.1281174,8.8699354
253009796,53.1211998,8.9026032
253009798,53.1203043,8.905016
253021881,53.1255071,8.9080666
253021882,53.1251299,8.9078744
253021891,53.1219411,8.9177287
253023522,53.1199321,8.9007977
253023523,53.1196585,8.9015471
253023987,53.120326,8.9016735
253024046,53.1208966,8.9021751
253024048,53.119947,8.9043964
253024471,53.1195887,8.8994026
253024473,53.1182183,8.9033717
253024702,53.1189395,8.8987687
253024708,53.1165444,8.9005653
253024839,53.117317,8.9015677
253026763,53.1176611,8.8942483
253027047,53.1163409,8.8916664
253027476,53.1178646,8.8936255
253027512,53.1183243,8.8914612
253041292,53.1271681,8.9085604
253041659,53.1176918,8.9046709
253049957,53.1089226,8.7657273
253049959,53.1097698,8.7636092
253049960,53.1109112,8.7650194
253050483,53.1110746,8.7632679
253051607,53.1093294,8.7640501
253051632,53.1081442,8.7656296
253051892,53.1096736,8.7615909
253053006,53.1154225,8.7727067
253053009,53.1151717,8.7722778
253053011,53.1145246,8.7733475
253053365,53.1149182,8.7715122
253053367,53.1160298,8.7696179
253053371,53.1205403,8.7626245
253053555,53.1148211,8.7676835
253053560,53.116743,8.7684283
253053691,53.1159728,8.7655063
253053823,53.1172551,8.7675351
253053835,53.11773,8.7648341
253053836,53.1183309,8.7657009
253053857,53.1166495,8.7644398
253053860,53.1178883,8.7664572
253053861,53.1163391,8.7649311
253053868,53.1175942,8.7669714
253054203,53.1199593,8.7617536
253054205,53.1195385,8.7604003
253054273,53.1165285,8.7623862
253054274,53.116975,8.7616672
253054276,53.1182891,8.7590799
253054332,53.1160478,8.7590638
253054383,53.1156168,8.7598788
253054503,53.1178983,8.7568723
253054506,53.1192244,8.7588363
253054510,53.1199802,8.7555247
253054574,53.1219863,8.7541396
253054580,53.1197504,8.7547504
253054792,53.1215375,8.7583116
253054793,53.1219599,8.7591556
253054853,53.1205032,8.760055
253054855,53.1230039,8.7578315
253054879,53.1228832,8.7605833
253054881,53.1238805,8.7621099
253054882,53.1244863,8.7629736
253054916,53.1237966,8.7589344
253054920,53.1221315,8.7607235
253054921,53.1225705,8.7600983
253055233,53.1248676,8.7604245
253055234,53.1256541,8.7581822
253056064,53.1225708,8.756982
253056319,53.1236466,8.7555472
253056711,53.12432,8.7596648
253056716,53.123334,8.7612489
253056737,53.1224401,8.7626948
253056896,53.1243785,8.7580514
253056935,53.1252801,8.7592494
253056943,53.1249997,8.7600649
253057828,53.1138352,8.7762359
253064701,53.1254001,8.9017215
253064703,53.1257877,8.9004593
253064704,53.1258358,8.9003421
253064992,53.1207635,8.9108954
253065388,53.1198168,8.9127455
253065392,53.1195324,8.9131352
253066066,53.1153818,8.9134077
253066436,53.1192806,8.9154617
253066709,53.1170867,8.912218
253067078,53.1139673,8.9018234
253067347,53.1157547,8.8988319
253067632,53.1075612,8.8941757
253067729,53.1063977,8.8941538
253068180,53.1376454,8.7959566
253077322,53.1137297,8.7817304
253117752,53.1132495,8.7813947
253117770,53.1212939,8.7877117
253117889,53.1118529,8.7919459
253117944,53.1173901,8.8005332
253117972,53.111977,8.8028904
253117977,53.1040061,8.8005683
253117978,53.1045966,8.7982359
253155185,53.1247497,8.740269
253155186,53.1196562,8.7522466
253155194,53.1483958,8.711001
253205759,53.1155382,8.8984269
253205762,53.1153501,8.8993101
253208477,53.1405983,8.9284957
253216520,53.1372468,8.9022005
253216525,53.1384305,8.9031366
253216553,53.1378304,8.9011397
253218116,53.114461,8.9042968
253272035,53.1014341,8.9153583
253272038,53.0932873,8.9329301
253284204,53.1298906,8.7595455
253363801,53.115839,8.8896734
253363802,53.115452,8.8907776
253367377,53.0917985,8.9351535
253390483,53.1230027,8.9034906
253390699,53.1188977,8.918967
253434349,53.041711,8.6777993
253434350,53.0415451,8.6786162
253434413,53.0461267,8.6733798
253434424,53.0563389,8.6798245
253434434,53.0569676,8.6530609
253434440,53.0598852,8.6520985
253434446,53.0593709,8.6487962
253435695,53.0559816,8.6316712
253435696,53.0574308,8.631338
253435703,53.0721042,8.6401505
253435705,53.0726753,8.6294024
253435707,53.0733491,8.6216205
253435708,53.0650764,8.6231826
253435710,53.0605649,8.6228439
253446368,53.158117,8.7039695
253446439,53.1659528,8.6948747
253446557,53.1649215,8.6882875
253446600,53.1624956,8.6756806
253568207,53.167431,8.6897137
253569018,53.1673311,8.6906735
253569021,53.1678563,8.6918686
253569022,53.168238,8.6922908
253569073,53.1683052,8.6917473
253570759,53.1673055,8.7067522
253570858,53.1643349,8.7077044
253617208,53.1450355,8.7237284
253617277,53.1617684,8.7032102
253617283,53.1616339,8.7039345
253617291,53.1618981,8.7031855
253617366,53.1707791,8.7227909
253617401,53.1645444,8.7061918
253617418,53.1643844,8.7064757
253617426,53.1634229,8.7082596
253617427,53.1643771,8.708187
253617430,53.165908,8.7080693
253617431,53.1659236,8.7082916
253624589,53.1647129,8.6897585
253624650,53.1670398,8.6908749
253624657,53.1664599,8.6920315
253624666,53.1663906,8.6903786
253631678,53.17465,8.6699184
253631681,53.172128,8.6692042
253631723,53.171629,8.6764031
253631726,53.169474,8.6766063
253631727,53.1669543,8.6767626
253631729,53.1711346,8.66899
253631752,53.1712088,8.663868
253631759,53.169855,8.6637738
253631928,53.1663833,8.6748834
253638794,53.1644216,8.6785187
253638830,53.1659265,8.6795533
253638832,53.1660688,8.6809151
253638835,53.1648056,8.6814421
253638854,53.1675697,8.6853339
253638866,53.1659014,8.6866634
253638873,53.1668886,8.6858428
253638884,53.1652489,8.6834862
253645400,53.1691984,8.7123565
253645589,53.170174,8.6763372
253746566,53.0726496,8.9199687
253746567,53.0749593,8.9199273
253746573,53.0738036,8.919923
253746578,53.0727246,8.9187417
253746588,53.0750595,8.9180587
253746594,53.0772467,8.9219781
253746599,53.0747104,8.9250822
253746610,53.0760449,8.9271747
253746623,53.0723869,8.9302491
253746629,53.0727323,8.9337893
253746640,53.078171,8.9294057
253746669,53.0719905,8.9302424
253746670,53.0719826,8.9326095
253746689,53.0731253,8.928462
253746709,53.0733876,8.9199325
253746714,53.0738405,8.9171281
253746725,53.0761808,8.9176994
253746773,53.0761408,8.9169869
253746774,53.0761326,8.9192563
253746775,53.0762841,8.9201622
253746781,53.0762805,8.9219462
253746792,53.0749906,8.9192564
253746840,53.0762357,8.9292997
253746843,53.0775831,8.9293158
253746856,53.0796925,8.9254661
253746859,53.0727802,8.9157701
253810563,53.1422686,8.71849
253811063,53.134203,8.7295505
253879311,53.1185878,8.7653115
253879326,53.1203107,8.7683489
253879329,53.1194174,8.7641742
253879334,53.1212103,8.7673949
253879638,53.1231472,8.76373
253879647,53.1226401,8.7648088
253879758,53.108897,8.7788147
253879766,53.1100713,8.7775142
253879871,53.1127996,8.7714685
253879901,53.1144955,8.7691498
253880094,53.071271,8.7668821
253880114,53.0745908,8.7535712
254084020,53.0318501,8.8655073
254340329,53.0497373,8.7412086
254340333,53.0425611,8.7281396
254340334,53.0423006,8.7274795
254542415,53.0750556,8.9141293
254585692,53.051288,8.741951
254585698,53.0507361,8.7416239
254628935,53.0455408,8.7367883
254628938,53.044309,8.732669
254628940,53.0447668,8.7357997
254628941,53.0448683,8.7362238
254628967,53.0423381,8.7155588
254628974,53.0362218,8.7102337
254628975,53.0354708,8.6826948
254628983,53.0407233,8.6896168
254629001,53.0379889,8.6738802
254629006,53.0383026,8.6722223
254629008,53.0384476,8.668646
254629009,53.0332539,8.6556644
254629010,53.0334636,8.6551578
254629011,53.0337784,8.65387
254629021,53.0326741,8.6544921
254994567,53.1127035,8.9017958
255142834,53.0744781,8.9304479
255142840,53.0772054,8.9325138
255142842,53.0758673,8.9294994
255142843,53.0759474,8.92983
255142878,53.0753328,8.937573
255142881,53.0766729,8.9371226
255142884,53.076824,8.9380156
255142885,53.0763433,8.9358539
255142895,53.0770975,8.9351095
255142898,53.0778328,8.9377486
255142908,53.0773585,8.9335815
255142911,53.0774816,8.9364544
255142925,53.075076,8.9323726
255142933,53.0758931,8.9341499
255142936,53.0767891,8.9325121
255142940,53.0759292,8.9311904
255142953,53.075841,8.9325058
255142970,53.0781568,8.9309627
255142974,53.0772564,8.9293119
255142978,53.0772446,8.9309532
255143093,53.0727759,8.9359178
255143098,53.0687,8.9377616
255143099,53.0692002,8.9357321
255143100,53.0704471,8.9377324
255143103,53.0715798,8.9394628
255143107,53.0728258,8.9382571
255173370,53.0465076,8.6209398
255173425,53.0480045,8.6260286
255180558,53.0806249,8.8512331
255180562,53.0802236,8.8490466
255180563,53.0798532,8.847416
255180564,53.0806554,8.8512092
255188334,53.1202896,8.9122497
255188472,53.109081,8.9017636
255188475,53.10879,8.9034314
255188547,53.0984553,8.8961195
255188551,53.099563,8.9035702
255188553,53.0980058,8.8982102
255188658,53.0989148,8.9046559
255188929,53.0978234,8.8988738
255188931,53.0971797,8.8980269
255188993,53.0980614,8.896007
255265693,53.0390955,8.6259914
255327016,53.0589767,8.8116219
255358228,53.0985206,8.7838566
255358392,53.0992438,8.7831826
255358393,53.1010239,8.7815493
255358531,53.1002586,8.7858285
255358532,53.1005076,8.7865981
255358607,53.1018138,8.7837712
255359447,53.1004518,8.7820719
255360094,53.097369,8.7821764
255360095,53.0980668,8.7842458
255360109,53.0949984,8.7795186
255402597,53.0889295,8.753869
255402600,53.0907591,8.751544
255402605,53.0941698,8.7484443
255402614,53.0971701,8.7468683
255402639,53.1079712,8.7408587
255402755,53.0929753,8.7530641
255402758,53.092128,8.7554449
255402777,53.0842536,8.7676326
255402781,53.083239,8.7686535
255402814,53.0843208,8.767808
255402821,53.0808464,8.7751822
255402835,53.0763826,8.7831163
255402858,53.0869602,8.7657762
255402894,53.0951555,8.7472165
255402925,53.0965564,8.7461774
255403457,53.0883034,8.7584954
255403461,53.0876751,8.7612704
255403474,53.0826969,8.7691776
255403491,53.0749087,8.7856496
255403604,53.0787795,8.7844721
255403682,53.0793673,8.7853562
255403684,53.0798045,8.7856275
255403691,53.078726,8.7869856
255403700,53.0799403,8.7754119
255404317,53.0767299,8.7236033
255404575,53.0914712,8.7832073
255404576,53.0903524,8.7849819
255406774,53.0633259,8.8199131
255406776,53.0620301,8.8139234
255407691,53.0756472,8.7840252
255408195,53.0755276,8.7834179
255408197,53.0756001,8.7821555
255408198,53.0759077,8.7803739
255408199,53.0762461,8.7782772
255408203,53.076879,8.7753538
255408209,53.0785076,8.7706019
255408251,53.0740283,8.7658521
255408393,53.0742928,8.7828896
255408520,53.0758561,8.7740664
255408612,53.075107,8.7730839
255430149,53.1083378,8.7792933
255430193,53.1052127,8.7814981
255430194,53.1050878,8.7812298
255430559,53.1075828,8.7781703
255482885,53.0900959,8.8966952
255482887,53.0900562,8.9004896
255486987,53.0962672,8.7858903
255487108,53.0973225,8.7893038
255487481,53.0993332,8.786026
255856451,53.1797005,8.62513
255856463,53.1789646,8.6293038
256014457,53.047268,8.6601928
256014461,53.0463649,8.6576954
256014470,53.0450139,8.6650209
256014471,53.0460254,8.6668865
256014473,53.0407072,8.6613235
256014475,53.0356221,8.7311587
256014476,53.0365979,8.7271707
256014484,53.0339175,8.7378083
256014494,53.0387105,8.7408939
256014508,53.0416105,8.7461602
256014540,53.0512964,8.7692154
256014544,53.0509901,8.764239
256014549,53.0498814,8.7661877
256014553,53.0499962,8.7681188
256014559,53.0501931,8.7694987
256138573,53.0510247,8.7648292
256138576,53.0519037,8.7664958
256138577,53.0516612,8.7666105
256138578,53.0518499,8.7657522
256138580,53.0515204,8.7658582
256138581,53.0516168,8.7674727
256138583,53.0507374,8.7694149
256138584,53.0495285,8.7681581
256138599,53.0503483,8.767406
256138605,53.0512337,8.7665985
256138615,53.0515487,8.7705891
256138623,53.050141,8.7695206
256138625,53.0494405,8.7705731
256138627,53.0502125,8.770808
256218147,53.1003022,8.7822106
256218294,53.1015318,8.7840358
256218619,53.1010526,8.7844186
256218813,53.1005714,8.7840076
256219019,53.0970567,8.7828817
256219029,53.0976278,8.7846317
256219043,53.097206,8.7850213
256241676,53.0992243,8.8388867
256241732,53.0986044,8.8399642
256241736,53.098984,8.8402143
256254715,53.0910792,8.7861894
256255009,53.0907379,8.7843202
256255056,53.0914835,8.7857446
256255062,53.0910557,8.7838176
256255132,53.0918636,8.7853147
256256538,53.0949262,8.7824383
256256558,53.0940724,8.7803655
256363675,53.0979786,8.7764704
256363676,53.0988735,8.7789797
256363925,53.0919299,8.7825933
256363926,53.0928099,8.7842402
256363976,53.0923287,8.7821307
256364012,53.0932253,8.7837779
256364119,53.0936108,8.7833473
256364123,53.0939194,8.7884174
256364124,53.0931197,8.7865349
256364219,53.0908387,8.7876728
256364369,53.0948435,8.7905321
256397701,53.0981013,8.8976973
256606667,53.1657264,8.6368558
256606668,53.1658423,8.636186
256606670,53.1649775,8.6361234
256606672,53.1644737,8.6381695
256606683,53.1648164,8.6349764
256606685,53.1650196,8.6335093
256606687,53.1655413,8.6344241
256606688,53.1655962,8.6335336
256606689,53.1661909,8.6356287
256606691,53.1654893,8.6353562
256606692,53.1662888,8.634617
256606693,53.1669605,8.6359044
256606694,53.1664113,8.6333987
256606697,53.1670525,8.6347889
256606702,53.1671174,8.6332769
256606721,53.1644513,8.6334026
257390654,53.1762993,8.6616106
257391548,53.1718739,8.6279654
257392012,53.1735209,8.623362
257544987,53.1426756,8.8817737
257765945,53.0903183,8.8512698
257797487,53.1701174,8.6242505
257798475,53.1697107,8.6253993
257798976,53.1704988,8.6259232
257800558,53.1695788,8.6259099
258419318,53.1617646,8.6618126
258419321,53.1612683,8.6589614
258712438,53.169978,8.6387835
258712800,53.1682751,8.6388222
258826613,53.1709188,8.6463259
258826736,53.1703193,8.6418072
258826739,53.1703656,8.645151
258827058,53.1665377,8.6459225
258827680,53.1663603,8.6435827
258827764,53.1649787,8.6459889
258827957,53.1675674,8.6452335
258827958,53.1665174,8.6450818
258828181,53.1689635,8.6403985
258829050,53.1678291,8.6379277
258829052,53.1701406,8.6378679
258829590,53.1713096,8.6359573
258829604,53.1675719,8.6372795
258829874,53.1732,8.6357444
258894301,53.0367255,8.887648
258894376,53.0385892,8.8910613
258894435,53.0366674,8.8875301
258894524,53.0390729,8.8864622
258894526,53.0391481,8.8865841
258894550,53.0388853,8.8888504
258912791,53.1711165,8.6478975
258912842,53.170438,8.6369117
258913403,53.1724761,8.6374631
259073977,53.0354593,8.8879308
259074001,53.0337754,8.8955824
259074003,53.0357725,8.8990738
259074009,53.0333465,8.898178
259074011,53.03343,8.8982088
259074014,53.0329678,8.9007008
259075599,53.0336906,8.8955542
259075600,53.0359334,8.8979054
259079800,53.0556532,8.8686319
259089450,53.0623807,8.8200076
259092423,53.0675399,8.8160917
259174600,53.1617323,8.658914
259174601,53.1626025,8.6588493
259174604,53.1636398,8.6587179
259175223,53.1627325,8.6609196
259175511,53.1639111,8.6624382
259175523,53.1624443,8.6627029
259175653,53.1641243,8.6633908
259221442,53.0905068,8.7868438
259221443,53.0910384,8.7881611
259221447,53.0910144,8.7914377
259221448,53.0899198,8.7889828
259221450,53.0903846,8.7898988
259221452,53.0894709,8.7925276
259221453,53.0888134,8.7928926
259221455,53.089938,8.7904184
259248669,53.0936223,8.7807773
259408312,53.0991816,8.9217343
259408313,53.0959621,8.9109666
259408314,53.0965271,8.9096819
259408320,53.0953204,8.8967676
259432333,53.1758416,8.6755636
259432335,53.1747425,8.6760986
259456928,53.0989077,8.8888754
259456969,53.1027627,8.8982763
259457004,53.1039621,8.8988428
259510192,53.0954057,8.9251277
259510194,53.0954483,8.9254482
259510200,53.0949512,8.9263084
259510202,53.0952656,8.9275061
259510206,53.0940745,8.9269673
259510207,53.0952532,8.9302103
259510211,53.0940941,8.9063829
259515635,53.0989207,8.786413
259515646,53.0985644,8.7865631
259515657,53.097868,8.7868646
259515668,53.0975191,8.7870133
259515675,53.0975625,8.7847121
259515678,53.0982175,8.7867095
259515684,53.0999136,8.7804231
259575764,53.0947348,8.902876
259731495,53.1076969,8.9075109
259731513,53.1079294,8.9069822
260068637,53.1036981,8.7796357
260068638,53.1014566,8.7811558
260068639,53.100658,8.7788959
260068640,53.1017576,8.7808834
260068641,53.1009552,8.7786047
260068642,53.1021069,8.7805747
260068643,53.1012901,8.7782623
260068644,53.102473,8.7802367
260068645,53.1016418,8.7778987
260068646,53.1018655,8.7776734
260068657,53.1036656,8.7790486
260068663,53.1042317,8.7817697
260068670,53.1043353,8.782476
260068677,53.104785,8.7815848
260068678,53.1041141,8.781527
260068683,53.1025373,8.7827305
260068686,53.1024861,8.7831531
260068689,53.1030829,8.7843582
260068690,53.1016546,8.7809771
260269320,53.1007945,8.7787622
260269322,53.0998597,8.7769105
260269359,53.0959455,8.7771727
260269367,53.0948484,8.7755824
260269374,53.0944376,8.778592
260269395,53.0937699,8.7753406
260269399,53.0933436,8.77552
260269409,53.0943138,8.7763757
260269413,53.0951396,8.7779489
260269415,53.0937339,8.7772464
260269420,53.0940177,8.7768106
260269424,53.0946103,8.7759318
260269431,53.0954975,8.7775947
260799416,53.0949601,8.7892854
260799418,53.0955904,8.7844603
260799421,53.0961251,8.78491
260799422,53.0918847,8.7880412
260799424,53.0922808,8.7875581
260799426,53.0926723,8.7870806
260799429,53.0939301,8.7913064
260799431,53.093492,8.7916753
260799432,53.0931232,8.7919829
260799433,53.0930327,8.7922487
260799434,53.0922993,8.7903393
260799452,53.0926983,8.7898545
260799453,53.0930755,8.7893757
260799454,53.0934671,8.7888982
260812411,53.0872146,8.7902745
260812416,53.088123,8.7886742
260812417,53.0885936,8.787872
260812418,53.0889772,8.7872555
260812421,53.0893901,8.7865946
260812422,53.0877618,8.7881312
260812423,53.0874296,8.7876407
260812429,53.0884507,8.789173
260812439,53.0893512,8.7879064
260812444,53.0901355,8.7863643
260812447,53.0906667,8.7854895
260812451,53.0894747,8.7852599
260812458,53.0941305,8.7873537
260834374,53.1050576,8.779825
260834380,53.1052657,8.7790183
260834389,53.1046497,8.7788698
260834426,53.1007809,8.7773395
260834443,53.1013182,8.7774498
260834446,53.1015691,8.7779726
261080715,53.0995862,8.7875529
261080716,53.0988687,8.7881643
261080719,53.0968961,8.791873
261599191,53.069935,8.8374039
262235954,53.0833456,8.7874187
262235958,53.0759817,8.7799129
262235978,53.0777717,8.7816053
262235979,53.0783014,8.7803021
262235982,53.077653,8.7742704
262235984,53.0773638,8.7747726
262235985,53.0794122,8.7767219
262235986,53.0796216,8.7761526
262235989,53.0784463,8.7727368
262235990,53.0803338,8.7746422
262235991,53.0806946,8.7740507
262235993,53.0810098,8.7734061
262236000,53.0797632,8.7687291
262236001,53.0810492,8.7671671
262236002,53.0814572,8.7666654
262236005,53.0830593,8.7645509
262236006,53.086306,8.7591237
262236011,53.0814404,8.7726757
262236013,53.0814117,8.7698899
262236021,53.0802042,8.7698321
262236027,53.0844898,8.7659348
262236038,53.0852266,8.7650828
262236049,53.0836009,8.763641
262236058,53.0846057,8.7619632
262236061,53.086291,8.7636183
262236062,53.0867556,8.7630002
262236063,53.0850231,8.7612631
262236065,53.0879754,8.7601999
262236069,53.0896049,8.7601231
262236071,53.0903083,8.7612601
262236079,53.0909696,8.7552644
262236090,53.0913825,8.7513458
262546625,53.054007,8.8845597
262546629,53.0535491,8.8853929
262546657,53.0621896,8.8591751
262546739,53.0654952,8.857969
262546741,53.0651689,8.8569639
262546771,53.0655936,8.8501618
262546774,53.0650935,8.8515775
262546799,53.061898,8.8498228
262624946,53.0927685,8.9336696
262624958,53.0900164,8.9271163
262720867,53.1041915,8.8165615
262766210,53.0920644,8.9200592
262766544,53.0941888,8.9146814
262766545,53.0931227,8.910131
262828539,53.1067033,8.8184798
262831266,53.1076108,8.8175872
262898478,53.1039071,8.8474223
262898507,53.1041479,8.8471568
262898508,53.1053131,8.8423591
264739705,53.0811244,8.8666764
264742590,53.0810672,8.8765968
264767492,53.0798891,8.7671317
264767493,53.0808519,8.7646925
264767494,53.081189,8.7637484
264767497,53.0813433,8.7626282
264767501,53.0819053,8.7609826
264767502,53.0824672,8.759377
264767504,53.0826761,8.7587407
264767507,53.0826334,8.7575258
264767510,53.0787342,8.764488
264767512,53.0793121,8.7628928
264767513,53.0795824,8.7621575
264767517,53.0803146,8.7660344
264767525,53.0762476,8.7622485
264767530,53.0785636,8.7620736
264767533,53.0790561,8.7614486
264767541,53.0825369,8.7637678
264767544,53.0828301,8.7629275
264767545,53.0831035,8.7621461
264767546,53.0836571,8.7605572
264767549,53.0816267,8.761763
264767551,53.0825531,8.7616155
264767557,53.0847877,8.7616497
264767562,53.085464,8.7605324
264767564,53.0871219,8.7595608
264767565,53.0869322,8.7594624
264780359,53.0886671,8.7513145
264780372,53.0908651,8.7486711
264780373,53.0910479,8.7486023
264780375,53.091244,8.7487593
264780387,53.0914269,8.747955
264780400,53.0915524,8.7472744
264780403,53.0913048,8.7494832
264780422,53.0924811,8.7476372
264780425,53.0932262,8.7474343
264780426,53.0939712,8.7472315
264780431,53.094719,8.7467554
264780432,53.0953795,8.7460367
264780439,53.0923068,8.745532
264780440,53.0930469,8.7453218
264780453,53.0945321,8.7448625
264780454,53.0955963,8.7466722
264780459,53.0916719,8.7444531
264780502,53.0944433,8.7493616
264780506,53.0943894,8.7500094
265637455,53.0790104,8.7637504
266525557,53.051125,8.6459399
266525558,53.0524089,8.6477104
266526447,53.0505805,8.6471077
266527447,53.0524831,8.6418794
266527585,53.0499032,8.6461809
266527603,53.0518383,8.6388142
266527618,53.0493006,8.6428208
266564079,53.0418224,8.663679
266564080,53.0413766,8.6632895
266564081,53.0411485,8.6630993
266564082,53.0409912,8.6635842
266564083,53.0412759,8.6626457
266564084,53.0415103,8.6628514
266564085,53.0417092,8.6622266
266982188,53.1081774,8.8924352
266985563,53.1130014,8.8920928
266986156,53.1088314,8.8936205
267231969,53.0749598,8.6217291
267231970,53.0762646,8.621582
267231982,53.0831507,8.6200209
267232525,53.0726392,8.6407263
267232528,53.0750079,8.6426849
267232529,53.0757428,8.6431815
267232531,53.0793928,8.6456494
267232537,53.0826497,8.6470786
267232540,53.085651,8.650633
267232780,53.0741409,8.6204291
267232781,53.0740725,8.6216875
267325028,53.0937096,8.9299224
267325034,53.0913003,8.9260505
267325035,53.0921146,8.9295122
267325698,53.0919708,8.9289711
267325699,53.0907897,8.9295536
267409913,53.1004233,8.9081288
267409915,53.0987586,8.9087097
267764987,53.0947052,8.7819016
267764990,53.0951007,8.7815316
267765029,53.0946684,8.7825538
267765031,53.09483,8.7831919
267765036,53.0958674,8.785505
267765037,53.0952345,8.784774
267765039,53.0956006,8.7861056
267765041,53.0904985,8.7918159
267765048,53.0870392,8.7964134
267765059,53.0878926,8.7947578
267765061,53.0893558,8.7928042
267765062,53.0894841,8.7933112
267765063,53.0897875,8.7945651
267765067,53.0902968,8.7921264
267765076,53.0912817,8.7926954
267765082,53.094262,8.7933382
267765089,53.0933325,8.7929888
267795429,53.0445295,8.7130443
267961455,53.1030126,8.7846021
267961499,53.1067486,8.7772796
267961516,53.1010405,8.7747045
267989783,53.0695639,8.798734
267991337,53.0676369,8.7915058
268095004,53.0988493,8.7924684
268095006,53.0990437,8.7936913
268095012,53.1021711,8.7932725
268095015,53.1036868,8.7976278
268095018,53.1032419,8.7987442
268103688,53.1080326,8.8005724
268103690,53.1077416,8.8015604
268103716,53.106318,8.8005718
268112219,53.1691282,8.6903898
268113307,53.1702575,8.6895672
268113310,53.1698803,8.6879562
268113440,53.1709567,8.6894583
268113442,53.1708992,8.6861573
268113768,53.1713694,8.6890674
268113775,53.1715545,8.6872782
268114860,53.1772366,8.6915928
268114864,53.176915,8.6864013
268114865,53.1769434,8.685379
268115319,53.1770587,8.6888362
268115320,53.1767254,8.6889144
268115992,53.1741147,8.6902537
268115996,53.1740948,8.6893719
268115999,53.1739374,8.6876345
268116002,53.1738119,8.6859022
268116656,53.1772686,8.6863687
268116708,53.1749927,8.6876328
268116710,53.1748426,8.6869353
268116779,53.1761397,8.6891175
268117480,53.1784853,8.6922283
268119513,53.1789316,8.6975002
268119931,53.1798661,8.6891966
268119932,53.1785771,8.6902389
268119935,53.177335,8.6903413
268120345,53.1783428,8.6891357
268121468,53.1746934,8.6936402
268121685,53.1772037,8.6965045
268121860,53.1783658,8.6972553
268123951,53.1794513,8.696623
268123953,53.1791724,8.6977466
268124208,53.1794214,8.6980495
268125200,53.1738196,8.6975696
268127050,53.175265,8.7063983
268242385,53.1799918,8.7384724
268243439,53.1793454,8.7316654
268302969,53.0942494,8.8020649
268381246,53.0812465,8.8314435
268381293,53.0914379,8.8706727
268382912,53.061887,8.7738389
268383143,53.0620195,8.7737374
268383189,53.0618635,8.7732526
268383706,53.0634515,8.7746917
268409533,53.1766646,8.6753829
268409547,53.1785361,8.6863506
268409943,53.1788528,8.6804724
268409944,53.1781094,8.6807751
268412264,53.179189,8.704905
268412321,53.1775353,8.7064594
268412328,53.1789672,8.7073683
268412329,53.1783539,8.7065124
268412341,53.1797239,8.7020141
268412342,53.1793342,8.7028124
268412395,53.1776484,8.7062232
268414711,53.1767358,8.6757212
268521823,53.1773432,8.7311999
268521910,53.1766907,8.7413469
268521926,53.1768468,8.7423201
268522354,53.1777507,8.7361382
268522355,53.1773032,8.7344992
268522356,53.1778132,8.7339714
268522358,53.1784527,8.7330358
268522383,53.1787614,8.7302689
268522384,53.1799639,8.7302277
268522385,53.179672,8.7300832
268528002,53.1774245,8.7323513
268528192,53.1794713,8.7149734
268638191,53.0532924,8.6511146
268640626,53.0567032,8.674124
268640629,53.0556739,8.6625003
268640630,53.0555215,8.6607891
268640632,53.0549384,8.6532158
268640634,53.0549283,8.651514
268642048,53.0573941,8.6582561
268642636,53.0568905,8.6591971
268642750,53.0559404,8.6573895
268642753,53.0558374,8.6589331
268642756,53.0562058,8.6602902
268656727,53.1102107,8.7666358
268656728,53.1091113,8.7653031
268656729,53.1104084,8.7661537
268656731,53.1093035,8.7648153
268656732,53.1102904,8.7664456
268656733,53.1110181,8.7673236
268656734,53.111321,8.7666147
268656744,53.1112076,8.7573628
268656747,53.1130926,8.7607199
268656748,53.1135965,8.7613718
268779743,53.0534978,8.6508969
268779826,53.0532113,8.6500074
268779834,53.0529484,8.6501147
268783010,53.0573784,8.6819272
268783011,53.0567983,8.6818711
268790168,53.0424822,8.6332849
268790169,53.043205,8.63226
268790250,53.0438313,8.6334726
268790643,53.0430055,8.6316582
268792103,53.0401557,8.634401
268811426,53.0600373,8.6636988
268811427,53.0594264,8.6648558
268811436,53.0593432,8.6648174
268813795,53.0591117,8.6558523
268813869,53.0624556,8.6541134
268842326,53.1785122,8.6393877
268842332,53.1751615,8.6380301
268842337,53.1738182,8.6358384
268842344,53.174934,8.6371232
268842352,53.1763709,8.6303892
268842358,53.1778093,8.6298573
268842361,53.1724701,8.6303861
268842366,53.1741605,8.6301216
268842369,53.1742626,8.6309148
268842371,53.1757529,8.630302
268842378,53.1753184,8.6285389
268842393,53.1777708,8.630387
268842405,53.1766463,8.6320967
268842420,53.1790216,8.6360866
268842424,53.1764177,8.6380904
268842425,53.1765098,8.6366376
268842431,53.1777858,8.6368435
268842437,53.1771895,8.6382756
268842439,53.1777256,8.6384331
268842443,53.1782849,8.6379794
268842445,53.1783475,8.6380207
268842446,53.1783922,8.6371253
268842448,53.1782044,8.6379257
268842449,53.1790614,8.6374317
268842459,53.1794124,8.6411435
268842460,53.1797766,8.6377452
268842463,53.1799885,8.6397438
268850371,53.1727716,8.7280165
268851209,53.1738587,8.7351437
268886214,53.067638,8.7955189
269042016,53.0699818,8.8028673
269042019,53.071459,8.8019591
269197159,53.060516,8.6613059
269197163,53.0578239,8.6574447
269197307,53.0613191,8.6593524
269197309,53.059663,8.6584883
269197310,53.0592564,8.6579041
269197326,53.060122,8.6576119
269219495,53.0562772,8.658307
269326369,53.0599079,8.6730527
269326371,53.0564738,8.6715434
269329893,53.0594731,8.6612955
269329894,53.0585714,8.660062
269329895,53.0580506,8.6608589
269329906,53.0582748,8.659652
269334084,53.0440222,8.6385657
269335093,53.0847799,8.8705404
269360806,53.0838132,8.8693081
269360807,53.0838047,8.8693388
269379636,53.0613287,8.657333
269450455,53.1547493,8.9293551
269450456,53.1548067,8.929061
269450457,53.1544632,8.9275259
269450465,53.1552207,8.9333129
269450466,53.1540681,8.932662
269450771,53.1559473,8.9299768
269450773,53.1548897,8.9293734
269543129,53.056915,8.6505562
269545262,53.060759,8.6665779
269545267,53.0609136,8.6667341
269545336,53.0614042,8.6640373
269545341,53.0615255,8.6642626
269545344,53.0605096,8.6627742
269545350,53.0618322,8.6631606
269545729,53.0612095,8.6654612
269545737,53.0610976,8.6652814
269545783,53.0626961,8.6593673
269545796,53.0616992,8.6601461
269687018,53.1234661,8.8956551
269687021,53.1224197,8.892759
269687023,53.1230738,8.8937477
269687024,53.1235202,8.894185
269687026,53.1237099,8.8948029
269687034,53.1238975,8.8944419
269687568,53.1232177,8.8983099
269839673,53.1215266,8.6587279
269839688,53.1231681,8.6485038
269840075,53.1188433,8.6428154
269840415,53.1162565,8.6849182
269840418,53.1167759,8.6901966
269840437,53.1127713,8.7061291
269840445,53.1096567,8.7074476
269840461,53.1105666,8.7116033
269840464,53.1102571,8.7164949
269840471,53.113104,8.7231505
269840594,53.1167895,8.6956901
269887169,53.0865065,8.8184466
270068054,53.1093381,8.7094855
270068104,53.1116771,8.7058431
270068129,53.1110057,8.7049125
270068130,53.1108936,8.7048008
270068131,53.1107872,8.7046339
270068132,53.1105114,8.7046202
270068164,53.1105311,8.7057578
270068165,53.1100931,8.7050099
270068293,53.1101476,8.706548
270068294,53.1096526,8.7058822
270068302,53.1091956,8.7068961
270068305,53.1093391,8.7083044
270068306,53.1089093,8.707909
270089496,53.0947364,8.7719894
270351917,53.1718459,8.9002356
270351935,53.1693617,8.8992981
270351984,53.1567858,8.900385
270351987,53.1563101,8.902088
270352006,53.1532979,8.906602
270352009,53.1532041,8.9070121
270362605,53.1742749,8.9066309
270590336,53.1728615,8.7201427
270590360,53.1730169,8.7216314
270605253,53.0799063,8.8031361
270605259,53.0800295,8.8029968
270623560,53.1581938,8.6992567
270623653,53.1571799,8.6980223
270623656,53.1559132,8.6971494
270623657,53.1561667,8.6964107
270623690,53.1556235,8.7032432
270720880,53.0794411,8.6216352
270721179,53.0805948,8.6209754
270721225,53.0795765,8.6206125
270721408,53.0780273,8.6214134
270722075,53.0780665,8.6208413
270723186,53.0725096,8.6217695
270723771,53.0800645,8.6241414
270723773,53.0802164,8.6227681
270723775,53.0802636,8.622552
270723924,53.0829686,8.6228222
270723925,53.081686,8.622263
270723929,53.0789867,8.6214852
270723966,53.0806996,8.6282168
270723967,53.0806745,8.6271643
270723970,53.0808823,8.6248708
270723971,53.0811245,8.6242464
270723974,53.0818867,8.6212133
270724040,53.081626,8.6248735
270724119,53.0812796,8.627104
270724249,53.0788952,8.6242445
270724252,53.0790303,8.6223567
270724434,53.0806593,8.6258568
270739670,53.1776555,8.7361883
270739671,53.1776889,8.7362682
270739776,53.1771893,8.7345224
270740167,53.1771243,8.7345462
270740169,53.1767235,8.7336132
270740175,53.1763192,8.7352223
270740233,53.1778149,8.7367336
270740238,53.1775874,8.7361851
270740271,53.1788744,8.7373687
270740272,53.1790939,8.7361861
270740274,53.1781927,8.7353636
270740334,53.176876,8.7330032
270740517,53.1768703,8.7314875
270740518,53.1767542,8.7311915
270741603,53.1742535,8.7422183
270742199,53.1781883,8.7467977
270742454,53.0551766,8.7829152
270742460,53.057565,8.7869368
270768598,53.0729452,8.8263323
270774358,53.1337865,8.6233307
270774407,53.1248518,8.6316386
270908921,53.0733048,8.805932
270910025,53.062052,8.7738538
270920013,53.0806412,8.8433565
270920036,53.0798368,8.8407472
270920042,53.0788244,8.8389592
270932809,53.0917972,8.8114645
270933188,53.093726,8.8090094
270933194,53.0928361,8.8101192
270939181,53.1787772,8.7472273
270966748,53.1712793,8.7248434
270966761,53.1719304,8.7248352
270966823,53.172308,8.7259376
270966825,53.172051,8.725829
271010045,53.0427885,8.7155229
271050366,53.0724619,8.8013924
271227524,53.038086,8.6376288
271570641,53.0734685,8.806314
271570650,53.0735763,8.8065481
271820201,53.0720338,8.8146514
272481098,53.0692875,8.6543414
272481120,53.0755884,8.6595677
272481127,53.0756234,8.6569283
273153016,53.0573297,8.6812583
273153019,53.0591293,8.6792268
273471543,53.1685948,8.6284533
273472425,53.1671038,8.6320891
273472429,53.167671,8.6320216
273473193,53.1643119,8.6398449
273473196,53.16476,8.6401105
273473199,53.1652889,8.636566
273473649,53.1637601,8.6391525
273473652,53.1637155,8.642028
273473789,53.1635992,8.6424979
273474225,53.1622638,8.6413154
273474237,53.1643083,8.6433136
273475135,53.1725797,8.6221069
273476247,53.1769292,8.6210737
273476381,53.1743461,8.6212298
273477651,53.167436,8.6346909
273477652,53.1677061,8.6371833
274007706,53.0578409,8.6742106
274008602,53.0546326,8.6618065
274034471,53.0645818,8.6919811
274034492,53.067457,8.6874726
274034508,53.0688293,8.6843995
274034519,53.0675134,8.6875475
274034527,53.0724254,8.6827278
274034559,53.074328,8.6731658
274034587,53.0745001,8.6638333
274034597,53.0760941,8.662346
274345500,53.1795139,8.7430607
275684334,53.0320442,8.6210534
275684794,53.0324768,8.6201418
276150888,53.0568536,8.7886772
276150899,53.0574255,8.7862504
276150900,53.0573502,8.7859998
276150902,53.0575993,8.7881536
276150903,53.0546706,8.7894399
276153397,53.0688427,8.7785303
276787096,53.1573684,8.9041075
276909601,53.0521162,8.6397822
276909605,53.0525368,8.6352035
276910928,53.0520502,8.6398067
276910930,53.0534172,8.6420438
277030940,53.0560546,8.7162682
277030941,53.0565195,8.7167557
277690579,53.1723462,8.6217918
277746219,53.0535768,8.6631049
277746688,53.0554161,8.6710075
277747578,53.0607367,8.6543053
277747583,53.0593402,8.6536901
277747664,53.0609542,8.6531597
277747784,53.0636417,8.6541488
277751057,53.0692412,8.6370925
277879368,53.0733683,8.8433344
278054538,53.0463728,8.6413594
278054541,53.0477326,8.640274
278490710,53.107977,8.7747302
278490711,53.1084237,8.775393
278490715,53.1090446,8.7757167
278490719,53.1092883,8.7760722
278526523,53.1005631,8.918075
278526527,53.1043461,8.9154114
278526531,53.095098,8.9239363
278526532,53.0944708,8.9243693
278549135,53.1413451,8.6897641
278549139,53.1437109,8.6915786
278549141,53.1435305,8.6913106
278549151,53.1434727,8.6914988
278549155,53.1420088,8.6949878
278549156,53.1425917,8.6953719
278549158,53.143893,8.6962066
278549170,53.1376603,8.6973655
278560587,53.1428166,8.7113731
278561813,53.1556905,8.7044815
278590012,53.0480516,8.660812
278590950,53.0545314,8.6706368
278621585,53.0600308,8.6484623
279181488,53.0772855,8.8715574
279181493,53.078182,8.8696051
279181516,53.0796044,8.8687921
279181536,53.0790354,8.8736777
279181538,53.0784319,8.8744059
279181542,53.0797926,8.8730017
279181568,53.0782623,8.8720406
279181581,53.0812015,8.8719289
279645807,53.0796823,8.9046697
279646571,53.0802836,8.9045097
279787353,53.1733677,8.6204381
279846471,53.0795219,8.869968
279846479,53.0797487,8.8719432
279846495,53.0806471,8.8719021
279890746,53.0440456,8.8116134
279890747,53.0438172,8.8129291
279891665,53.0387503,8.8092178
279893372,53.0386349,8.8135801
279966084,53.053955,8.6423072
279966412,53.053495,8.6369287
280811053,53.170716,8.6246653
280811188,53.1714735,8.6259835
280811191,53.1716019,8.6250134
280811236,53.171394,8.6261898
280811276,53.1713264,8.6277058
280811391,53.1723226,8.6260508
280812781,53.1743561,8.6239276
280812784,53.1739207,8.6269801
280812786,53.1741487,8.6251661
280812806,53.1738441,8.6278221
280812960,53.1738373,8.6275092
280812963,53.1725022,8.6258223
280813621,53.1731271,8.6247587
280815139,53.1740665,8.6728513
280815565,53.1754359,8.670572
280815622,53.1745907,8.6702117
280868321,53.1743437,8.6236247
280868407,53.1758585,8.6273636
280868457,53.1734752,8.6269222
280868648,53.1759058,8.6253463
280868650,53.1759877,8.6243847
280868651,53.1760359,8.6238349
280869857,53.1723757,8.6673932
280869858,53.1731866,8.6672411
280870094,53.1724917,8.6653228
280870118,53.1724099,8.6661649
280870139,53.1733156,8.6650509
280870546,53.1744657,8.6632987
280870547,53.1743229,8.6648087
280870652,53.1753797,8.6634148
280871166,53.1729652,8.6586092
280871168,53.1747976,8.6582542
280871175,53.1702456,8.6610045
280871176,53.1714672,8.6600795
280871205,53.163835,8.6618794
280871208,53.1671165,8.6616657
280871210,53.1685829,8.661531
280871359,53.175106,8.6610237
280871896,53.1776722,8.657532
280871899,53.1758068,8.6565419
280871900,53.1746315,8.6568674
280872010,53.1750661,8.6498914
280943955,53.0553283,8.6452657
280943960,53.0556736,8.6441942
280943963,53.0552376,8.636484
280943965,53.053788,8.6368346
280943966,53.0542496,8.642243
280943967,53.0542805,8.6381437
280943968,53.0541824,8.6367437
280943969,53.055591,8.6405301
280943973,53.0545311,8.6407803
280943984,53.0569189,8.6466984
280943989,53.056873,8.6465325
280943991,53.0560402,8.644857
280943992,53.0539972,8.6393238
280944001,53.0581634,8.6486358
280968975,53.1686851,8.6239959
281188888,53.0394196,8.6333565
281302610,53.1734758,8.6238001
281414543,53.0556913,8.6216028
281418758,53.0561184,8.6236109
281418759,53.0590756,8.6309695
281433115,53.0530981,8.6601909
281435891,53.0769243,8.7532814
281437081,53.0775913,8.7575643
281441204,53.0374812,8.6325437
281441206,53.0376444,8.6337638
281441712,53.0379107,8.6405696
281442079,53.037416,8.6382442
281442255,53.040352,8.6324011
281442844,53.0419136,8.6324358
281444577,53.0417589,8.6326882
281444631,53.0428052,8.631634
281444634,53.0430115,8.6318729
281444672,53.041581,8.6304989
281444764,53.0419135,8.6306879
281445188,53.0418963,8.630913
281445189,53.0418088,8.6307816
281445192,53.0421461,8.6302755
281445195,53.0420569,8.6312441
281445676,53.0456349,8.6315925
281445993,53.0451892,8.6309385
281450726,53.0473328,8.6282438
281451837,53.0478137,8.6305077
281451839,53.0467561,8.6299379
281452164,53.0482624,8.6343756
281452239,53.0485793,8.6354348
281452240,53.048221,8.6331876
281452568,53.0498478,8.6296276
281452619,53.0490962,8.6307235
281452621,53.0502516,8.6301438
281452742,53.0503233,8.6314369
281452823,53.0496534,8.6321494
281453241,53.0507729,8.6300758
281453932,53.0505679,8.6250073
281454021,53.0503992,8.6281164
281454544,53.0565308,8.6399961
281454546,53.0555662,8.6402465
281454549,53.0552739,8.6369003
281454556,53.05421,8.6371551
281454560,53.0556419,8.6368097
281454563,53.0559061,8.6397119
281454567,53.0562911,8.6396231
281454569,53.0562469,8.6390656
281454573,53.0555285,8.6398145
281454576,53.0557721,8.638352
281454578,53.0547004,8.6386111
281454583,53.0557964,8.6385842
281454586,53.0555456,8.6400102
281454591,53.0548317,8.6407125
281454593,53.055051,8.6387644
281454595,53.0551665,8.6401017
281454598,53.0550256,8.6385325
281454600,53.0548845,8.6369849
281454603,53.0545729,8.6370618
281454606,53.0563457,8.6400445
281454632,53.0558711,8.6401693
281454634,53.0562485,8.6445706
281454644,53.0550775,8.6435737
281454646,53.0558436,8.64339
281454649,53.0550947,8.6406473
281454651,53.0553476,8.6435144
281456056,53.0517688,8.6333565
281457401,53.0564924,8.6418545
281457402,53.0557305,8.642047
281457403,53.0559711,8.6413072
281457404,53.055672,8.6413796
281457405,53.0561143,8.6428954
281457406,53.0558163,8.6429721
281457407,53.056032,8.6419641
281463604,53.0493112,8.6333023
281463605,53.0493853,8.6334551
281464077,53.0464886,8.630441
281464083,53.0477509,8.6347948
281464090,53.0489001,8.633831
281464287,53.0471704,8.635274
281464350,53.0471782,8.632712
281465274,53.0526319,8.6349192
281465313,53.0524922,8.6348831
281465631,53.0497705,8.6342028
281465719,53.0501766,8.6336403
281465918,53.0505805,8.63529
281465920,53.0505141,8.6352127
281465985,53.0512271,8.633685
281467323,53.0494095,8.6346755
281467325,53.0500848,8.6359272
281467370,53.0511179,8.6360939
281467426,53.0477923,8.6404996
281467772,53.056275,8.6366554
281467773,53.0564077,8.6380388
281467774,53.0563792,8.6377699
281467775,53.0557379,8.63793
281467776,53.0559531,8.6367306
281467777,53.0560589,8.6378423
281467914,53.0474432,8.6394096
281468022,53.0529356,8.6384937
281468116,53.0527563,8.6431573
281468538,53.0489895,8.6423507
281468945,53.0443086,8.6414721
281469421,53.043079,8.6515823
281470545,53.0472234,8.6518541
281470616,53.0504084,8.6537134
281470627,53.0445242,8.6503377
281470719,53.0463764,8.6489313
281470722,53.0456828,8.6510271
281471461,53.0432916,8.6483951
281471475,53.0380582,8.6476079
281471522,53.0420916,8.6474247
281471865,53.0407688,8.6492764
281471869,53.0395475,8.6516842
281473078,53.0427069,8.6495139
281495526,53.056835,8.6254839
281497302,53.0564762,8.623031
281625196,53.1768479,8.6286385
281625198,53.176934,8.6272683
281625294,53.1769184,8.6276079
281625595,53.1785833,8.6248536
281625618,53.1789436,8.622992
281625640,53.1790348,8.6211601
281625654,53.1799219,8.6231619
281625748,53.1781117,8.6210687
281625749,53.1769232,8.6209799
281656451,53.0637127,8.684987
281815767,53.0582504,8.6330307
281815768,53.0599675,8.6363676
281815769,53.0610273,8.6381685
281815771,53.0605638,8.640844
281815772,53.0602493,8.6432387
281815774,53.0592453,8.6309368
281815775,53.0608818,8.6359331
281815778,53.0603595,8.6370811
281815779,53.0645819,8.6424003
281815780,53.0634029,8.6409135
281815783,53.0629465,8.6404847
281815793,53.0625276,8.6415785
281815801,53.0634722,8.6391604
281815802,53.0639229,8.6398191
281815803,53.0643177,8.6404773
281815804,53.0631218,8.6387017
281816586,53.0597857,8.6326125
281819426,53.0608342,8.6393652
281819477,53.0637257,8.6432505
281819495,53.0640563,8.6436683
281872458,53.0623911,8.6413946
281872459,53.0621331,8.6431649
281872460,53.0622534,8.6423297
281872463,53.0554084,8.6384399
281872464,53.0554288,8.6386731
281872466,53.059508,8.6371604
281872467,53.0593851,8.6384133
281872472,53.0586143,8.6411698
281872474,53.0583948,8.634915
281872478,53.0584199,8.6375743
281872479,53.0594309,8.6430687
281872480,53.0587771,8.6429386
281872481,53.0579457,8.6431401
281872482,53.05725,8.6433688
281872483,53.0597691,8.6424683
281872484,53.0592411,8.6423706
281872485,53.059485,8.6424295
281872495,53.0568748,8.640644
281872503,53.0566572,8.6399636
281872526,53.0570097,8.6392781
281872545,53.0569189,8.6398712
281872546,53.0568171,8.6399308
281872548,53.0577165,8.6404322
281894718,53.0549307,8.6208185
281908880,53.0595468,8.6686153
281915142,53.0574834,8.6522578
281915143,53.056629,8.6510219
281915861,53.0607805,8.6555452
281915971,53.0621358,8.6547323
281916044,53.0629167,8.6572317
281916636,53.0576664,8.6518921
282020309,53.0504502,8.6294298
282020310,53.0508361,8.6296977
282020326,53.0488666,8.6307157
282118010,53.0602917,8.6230956
282118146,53.0654865,8.6281817
282118218,53.0662982,8.628066
282118278,53.0691188,8.6223736
282118284,53.0688708,8.6285096
282118287,53.0690506,8.6255272
282118288,53.0693148,8.625551
282118293,53.0626437,8.6266737
282118556,53.073645,8.6517997
282118611,53.0662766,8.6532397
282119056,53.058182,8.6821033
282230271,53.0548726,8.6223858
282230564,53.0537839,8.6230625
282270746,53.0533223,8.6341394
282270749,53.0550685,8.6334703
282270752,53.0553959,8.6334772
282318408,53.0607727,8.6200941
282318409,53.0616141,8.6210237
282318712,53.0604105,8.620614
282318713,53.0597817,8.621707
282318714,53.0596222,8.6219836
282321924,53.0612411,8.6298401
282322006,53.0593585,8.627687
282322007,53.0598402,8.6265049
282322224,53.0600665,8.6290038
282322227,53.0605317,8.6281816
282322542,53.0576413,8.6245123
282322690,53.0582707,8.6271536
282322692,53.0574083,8.626882
282322952,53.0585926,8.6297233
282322953,53.0564886,8.6246829
282406359,53.0570094,8.6435299
282632873,53.0766643,8.6521672
282635059,53.0536993,8.6252216
282676330,53.0825833,8.8907501
282676332,53.0830637,8.889864
282676337,53.0835162,8.8906044
282821224,53.0584154,8.6292944
282821225,53.0568199,8.6295603
282824016,53.0364711,8.8420273
282840987,53.03923,8.8105461
282842193,53.0388711,8.8087189
282854269,53.0637676,8.6241129
282854270,53.0631177,8.623465
282854278,53.0632367,8.625324
282854348,53.0633694,8.6202679
282854353,53.0625101,8.6219749
282855006,53.067129,8.6204385
282856719,53.0657292,8.6207718
282857950,53.0671907,8.6211849
282858425,53.0678174,8.620016
282858427,53.0671065,8.6201471
282858429,53.0673055,8.6227091
282860763,53.0707607,8.6221272
282861670,53.0682199,8.6244202
282861705,53.0683144,8.6255151
282861706,53.0708867,8.6255757
282861728,53.0705304,8.623956
282861832,53.0728412,8.6256458
282861871,53.0714029,8.6255945
282861872,53.071402,8.6237633
282861877,53.0700889,8.625569
282862199,53.0709029,8.6272709
282862201,53.0707614,8.6289603
282862503,53.0727584,8.6275223
282878135,53.075054,8.6307702
282878174,53.0727943,8.6265633
282881122,53.07493,8.6232434
282882169,53.0643823,8.6254981
282882172,53.0652492,8.6253372
282882175,53.068075,8.6225688
282882176,53.0719395,8.6256025
282882177,53.0718976,8.627405
282882178,53.0747669,8.6252097
282882182,53.0742575,8.6242992
282882183,53.0748868,8.6243846
282882184,53.0758339,8.6246919
282882185,53.0749053,8.6241599
282882189,53.0746567,8.6259098
282882190,53.0726258,8.6304995
282882192,53.073922,8.6306499
282882198,53.0647884,8.6265815
282882201,53.0637452,8.6277642
282882212,53.0618876,8.6284058
282882213,53.0627783,8.6293721
282882217,53.0644798,8.6305359
282882219,53.0649128,8.6297125
282882225,53.0639727,8.6279977
282882226,53.0633724,8.6296277
282882227,53.0635452,8.6275695
282882676,53.0683358,8.6317075
282882679,53.0683554,8.6361477
282882936,53.0706692,8.6327265
282883008,53.0725812,8.6315013
282883009,53.0707844,8.6308895
282883010,53.0683977,8.6300351
282883072,53.0709153,8.6289977
282883077,53.0704092,8.634238
282883079,53.0706523,8.6385924
282883112,53.071144,8.6310207
282883113,53.0709952,8.6318498
282883115,53.0711832,8.6319501
282883118,53.0715746,8.6339509
282883613,53.071265,8.6342309
282883654,53.0705002,8.6356087
282883698,53.0713476,8.6374324
282884323,53.0693466,8.6332755
282903786,53.0677068,8.635456
282904066,53.0674474,8.6326594
282904069,53.0673198,8.6350478
282904072,53.0671699,8.6348935
282905826,53.0689031,8.6379731
282905829,53.0692689,8.6420767
282905831,53.0690076,8.6428934
282907680,53.0751915,8.6485174
282907922,53.0751085,8.6504132
282908224,53.0746296,8.6503846
282908523,53.0779736,8.6349648
282908607,53.0772841,8.6442278
282908630,53.0776385,8.6359353
282913816,53.0769016,8.6550876
282913819,53.0799883,8.6565784
282914572,53.0825846,8.6469959
282914675,53.0831419,8.6482476
282914676,53.0824143,8.6478381
282914678,53.0816498,8.6474066
282914679,53.08216,8.6490366
282914814,53.0828974,8.6494144
282914815,53.0814693,8.6487105
282915589,53.0859775,8.6484251
282915590,53.0855578,8.6479775
282915591,53.0852589,8.6487885
282915599,53.0830533,8.6453437
282915676,53.0833052,8.6455798
282915677,53.082995,8.646375
282915680,53.0825656,8.6460945
282915699,53.0844276,8.6481753
282915700,53.0863772,8.6487964
282915701,53.0848232,8.6471543
282915702,53.0841371,8.6489249
282915703,53.0841947,8.6465321
282916086,53.0817779,8.6461334
282916090,53.0856297,8.6388057
282916098,53.0846812,8.6519
282916100,53.0852904,8.6503517
282916332,53.0843546,8.65056
282916380,53.0849435,8.6512131
282916963,53.0897042,8.6557366
282922730,53.0967074,8.6569156
282922734,53.0986141,8.6559651
282923161,53.0955661,8.6530774
282923171,53.0918414,8.6473448
282924035,53.0961463,8.6469141
282924038,53.0995438,8.6512777
282924438,53.1030132,8.6463953
282924441,53.103076,8.6477683
282924458,53.0993681,8.6453698
282924459,53.0997329,8.6476926
282924464,53.1015444,8.645861
282924472,53.1039123,8.6474848
282924473,53.1047,8.6474858
282924947,53.1023996,8.6457132
282925232,53.0999664,8.6419404
282925235,53.09752,8.6384646
282925259,53.0995251,8.6453294
282925260,53.0986642,8.6437511
282925261,53.0986208,8.6436188
282927863,53.08728,8.6489684
282927866,53.0880998,8.6493565
282928039,53.087038,8.6491462
282928042,53.0864448,8.6502506
283034952,53.0745967,8.6295046
283034956,53.0740284,8.6279807
283035105,53.0739717,8.6294344
283065177,53.1130004,8.7822741
283066958,53.1151928,8.7826872
283157624,53.0662098,8.6381205
283158236,53.0659963,8.6350944
283159086,53.0632291,8.6316072
283160032,53.0636384,8.6353637
283160035,53.0631386,8.6370272
283160479,53.0628655,8.6335271
283160532,53.0631417,8.6325434
283160697,53.066578,8.6374319
283160698,53.0661447,8.6371504
283161595,53.0650558,8.6370813
283162208,53.0757343,8.6606227
283162212,53.0778292,8.6619833
283162431,53.0744712,8.6589545
283163572,53.0729679,8.6568386
283163573,53.0722334,8.6571467
283167196,53.072955,8.6786573
283225722,53.0719525,8.6883845
283225744,53.0725804,8.7030475
283226605,53.0562665,8.6903589
283227012,53.0600646,8.6766326
283228054,53.0604856,8.6783482
283228057,53.059581,8.6817431
283228058,53.0594026,8.6827015
283228116,53.058513,8.6810014
283228118,53.0600463,8.6819901
283228652,53.0597245,8.6775044
283228988,53.0610003,8.6789323
283229261,53.0612039,8.6783091
283229750,53.0618081,8.6786726
283230615,53.061662,8.6839022
283231370,53.0588861,8.6756059
283231371,53.0578256,8.6755643
283232674,53.0593773,8.6747635
283233694,53.0571805,8.6880169
283233696,53.0565143,8.6877686
283234464,53.0564604,8.6883875
283234742,53.0568348,8.6823457
283234743,53.0547081,8.6835571
283234902,53.0533088,8.6928374
283237978,53.0528602,8.6679447
283237982,53.050715,8.670814
283237985,53.0490391,8.6761812
283238492,53.0531847,8.6784588
283238894,53.0499948,8.668445
283239042,53.0500742,8.6725151
283239218,53.0523422,8.6760536
283239247,53.0532,8.6748772
283239248,53.051567,8.6777272
283239418,53.0518351,8.6752182
283239421,53.0508761,8.6757292
283239422,53.0504347,8.6751349
283239424,53.0504211,8.6771461
283239425,53.0521573,8.6780199
283240057,53.0522111,8.6704606
283240058,53.0525206,8.6709155
283240060,53.0518314,8.672324
283240061,53.0553909,8.6793746
283240063,53.0523468,8.6732294
283240369,53.0538143,8.6717649
283240647,53.0511968,8.6668296
283240655,53.048011,8.669283
283240656,53.0467619,8.6698078
283240658,53.046116,8.6701142
283240850,53.0470548,8.6743698
283240851,53.0478907,8.6648657
283240853,53.0473266,8.6629784
283241263,53.0467884,8.6681186
283241384,53.0467551,8.6687401
283241548,53.0493107,8.6628773
283241549,53.0496489,8.661444
283241632,53.0489195,8.66118
283241682,53.0514506,8.6592586
283241687,53.0494625,8.656561
283241800,53.0532782,8.6554074
283287657,53.0537684,8.6716129
283287738,53.0558741,8.673563
283287740,53.0556295,8.6753623
283288006,53.0545967,8.6711134
283290122,53.0532394,8.6504633
283290195,53.0547463,8.6515551
283290207,53.0545645,8.649449
283290347,53.055453,8.6515024
283290393,53.0560969,8.6518535
283290518,53.0587652,8.6555765
283290837,53.0578205,8.6543719
283290925,53.059327,8.653727
283290926,53.0585858,8.6529284
283290928,53.058735,8.6526476
283290929,53.059429,8.6533673
283290935,53.0583291,8.6520604
283292675,53.0615273,8.6627514
283298009,53.0690649,8.6541915
283298693,53.0678583,8.6537369
283298801,53.0636643,8.6529657
283300397,53.0636675,8.6527932
283300400,53.0621577,8.654047
283300958,53.0637106,8.6503071
283308199,53.0579268,8.6545218
283313797,53.0461178,8.6614181
283313798,53.0465352,8.6616382
283313989,53.0470675,8.6599837
283314223,53.043262,8.6635333
283314498,53.044453,8.6600706
283314503,53.0441358,8.6628076
283314508,53.0436395,8.6624443
283314607,53.0443659,8.6565814
283314609,53.0442825,8.6578389
283315054,53.0429762,8.6596284
283315055,53.0423123,8.6590618
283315056,53.0426156,8.6581914
283315057,53.042112,8.6596836
283315100,53.043727,8.6574604
283315313,53.0407507,8.6620438
283315411,53.0391636,8.6600292
283315414,53.0384208,8.6608953
283315523,53.0389758,8.6607045
283315524,53.0391423,8.6610553
283315586,53.0398904,8.6606596
283315747,53.038386,8.6593666
283315750,53.037993,8.6603748
283315798,53.0389025,8.6582194
283315944,53.0391317,8.6539388
283315945,53.0375181,8.6586433
283316079,53.0409954,8.6570436
283316167,53.0406886,8.6579535
283316168,53.0394128,8.6567307
283316173,53.0390429,8.6577777
283316295,53.041308,8.6560964
283316297,53.0385187,8.6578926
283316339,53.0363398,8.6523325
283316340,53.0349691,8.6564385
283316489,53.0344823,8.6545718
283316600,53.0353349,8.6553419
283316609,53.0359667,8.6560982
283316637,53.0375608,8.6555789
283316705,53.0378084,8.6530065
283316767,53.0363175,8.6550858
283316891,53.0368956,8.6555587
283317167,53.0374396,8.6540972
283317169,53.0381133,8.6569426
283317324,53.0331162,8.6519732
283317436,53.0319573,8.6498478
283317481,53.0353434,8.6471815
283317482,53.035859,8.6465005
283317925,53.0387879,8.6507823
283317988,53.0355459,8.6512904
283318002,53.0361788,8.6503357
283318228,53.0367714,8.6502453
283318230,53.0365224,8.6506903
283318291,53.0374349,8.6507246
283318292,53.037225,8.6514193
283318366,53.0398,8.6519802
283318367,53.0387038,8.6551737
283319143,53.0447202,8.6536342
283319326,53.0431988,8.6527324
283319385,53.0439538,8.653165
283319389,53.0437445,8.6511231
283320867,53.0402728,8.6470162
283321350,53.0401668,8.647504
283321515,53.0390252,8.6493055
283321517,53.0375371,8.6464743
283321944,53.0411381,8.641937
283321958,53.041696,8.6411455
283321961,53.042337,8.6421324
283322696,53.0440368,8.6418989
283322927,53.0444552,8.6350427
283322949,53.0450577,8.6370166
283323092,53.0392341,8.6412881
283323093,53.0402427,8.6400104
283323109,53.0412115,8.6418373
283323123,53.0405091,8.6428353
283323124,53.0395961,8.6408432
283323244,53.0394724,8.6359794
283323551,53.0379208,8.6378035
283328056,53.0981253,8.7904641
283328377,53.098362,8.7896329
283412279,53.1431602,8.6909631
283412281,53.143299,8.6916347
283756712,53.0597388,8.6402705
283756716,53.0606063,8.6405093
283781706,53.176056,8.9015492
283794267,53.1725448,8.9136792
283794270,53.1728517,8.8992914
283795857,53.1700758,8.9292515
283851846,53.1557414,8.9076949
283851849,53.1565051,8.9046091
283852082,53.1534307,8.9089291
285088366,53.1541936,8.9333149
285091026,53.1516509,8.907706
285091039,53.1464895,8.9059423
285091833,53.1525817,8.9048338
285091838,53.1519084,8.9085475
285114993,53.1513626,8.923725
285884185,53.0972349,8.6443575
285889188,53.0690535,8.6868582
285889189,53.0687631,8.6844427
285901827,53.0720498,8.6237106
285904876,53.0663043,8.6270245
285966886,53.0841052,8.7955638
286072735,53.037253,8.6289119
286296916,53.0405385,8.6618522
286296917,53.0401987,8.6615671
286406650,53.0361224,8.6385844
286456257,53.0724955,8.6335913
286456278,53.0719691,8.6333482
286456463,53.0704772,8.633802
286456667,53.0706484,8.6375485
286598620,53.0336503,8.6203382
286608807,53.0469548,8.6380368
286742906,53.0513156,8.6223224
286742907,53.0497379,8.6230331
286795545,53.1637859,8.6458289
286805794,53.0595225,8.6501934
286835214,53.1626818,8.6442202
286835216,53.163092,8.6423152
286837806,53.1712787,8.6543528
286841362,53.1721082,8.6587244
286841363,53.1721027,8.6575853
286841367,53.1721371,8.6542596
286841368,53.1723026,8.6527517
286911981,53.0580254,8.6782981
286911982,53.0571377,8.6788261
286912057,53.0578185,8.6795033
287001465,53.0563021,8.6205221
287007913,53.0693054,8.6244542
287011344,53.061126,8.6305151
287019867,53.0642249,8.6906035
287032752,53.0422885,8.6566733
287033349,53.0403037,8.6625955
287034011,53.0384504,8.6657301
287052750,53.0980154,8.9110376
287052754,53.099064,8.9132803
287052771,53.0984129,8.9091793
287052779,53.0986646,8.9103833
287052806,53.0936073,8.9124306
287052814,53.0930554,8.9143667
287052852,53.0914839,8.8984546
287052862,53.092855,8.8986193
287052867,53.0901548,8.9039195
287052870,53.0906746,8.9059057
287052878,53.0925537,8.9044307
287052881,53.0918654,8.9050004
287052892,53.0922812,8.9079452
287052929,53.0915601,8.9118132
287052936,53.0908661,8.9117874
287052942,53.0891245,8.9038852
287052944,53.0880659,8.9046598
287052963,53.0841207,8.9055305
287052965,53.0871462,8.9029774
287052989,53.0862785,8.9037378
287052996,53.0875674,8.9087069
287053001,53.0853031,8.9045913
287053003,53.0916397,8.9131647
287053014,53.090219,8.9146268
287053073,53.0904507,8.9103595
287098235,53.0312913,8.6890295
287205545,53.0561385,8.6552165
287205679,53.0551628,8.6565796
287216149,53.0302944,8.6927489
287216151,53.0319468,8.6905929
287216152,53.0330176,8.6889356
287216688,53.033713,8.7071058
287217419,53.0466127,8.6537052
287273194,53.1559965,8.9300062
287328788,53.052914,8.6377323
287635434,53.0558353,8.8413326
287716251,53.057611,8.6234462
287718266,53.0586045,8.623345
287726973,53.0331332,8.8375216
287751431,53.1764987,8.6321704
287751557,53.1769434,8.6305699
287751779,53.1768093,8.6306024
287964090,53.0728585,8.8084995
287965963,53.0747417,8.8263287
288188435,53.0362321,8.9021731
288286497,53.1682617,8.702149
288286794,53.1685234,8.7039859
288287039,53.1679337,8.7042064
288287043,53.1705189,8.7032674
288287133,53.1706087,8.7027
288287614,53.1693034,8.7069432
288334822,53.0957086,8.6476538
288342092,53.0355144,8.6475603
288533089,53.1760444,8.6413369
288708413,53.1727005,8.9068726
288745516,53.1702188,8.6627262
288745521,53.1705446,8.6576026
288745646,53.1687075,8.6629014
288745648,53.1688543,8.6638721
288746967,53.1712094,8.6576194
288747315,53.1658302,8.6578455
288747316,53.1650684,8.6602392
288747982,53.1643855,8.6617828
289034222,53.1649579,8.6461663
289034225,53.1650464,8.6451515
289047291,53.0473974,8.8603318
289047414,53.0484791,8.8613197
289159048,53.0310131,8.6596405
289159054,53.0314812,8.6603391
289738962,53.1732247,8.6380423
289742470,53.1739378,8.6496814
289743735,53.1738524,8.6498396
289744045,53.1729163,8.6496646
289744519,53.1731629,8.649792
289745492,53.1704422,8.6545731
289745868,53.1700847,8.6545981
289745936,53.17039,8.6538127
290087976,53.1710253,8.659698
290176485,53.1737109,8.6584248
290177151,53.1735572,8.656735
290178230,53.174817,8.6478469
290178505,53.1758391,8.6429771
290179410,53.1749632,8.6461909
290179427,53.1755536,8.6446743
290179757,53.1772934,8.6493986
290180345,53.1776912,8.6489534
290182288,53.1740953,8.6408336
290182733,53.1745511,8.6399417
290230858,53.1707228,8.6274567
290231432,53.169808,8.6268349
290232878,53.1696996,8.6268867
290239537,53.1691441,8.6280223
290341851,53.0553037,8.8176411
290341974,53.0569762,8.8180128
290738392,53.1777427,8.6894199
290738396,53.1778014,8.6904033
290738430,53.1735486,8.6877743
290738637,53.1775641,8.6851462
290738642,53.1774741,8.6855995
290882529,53.0570557,8.8134193
290882552,53.0571022,8.8074386
290998984,53.0694393,8.8229643
290998989,53.0714435,8.8232797
291719311,53.1691766,8.6884428
291719570,53.1680983,8.6867682
291719687,53.170359,8.6864058
291719831,53.168967,8.67787
291719993,53.1682542,8.6803746
291719995,53.1685056,8.6790027
291720061,53.1680508,8.6844269
291720069,53.1706337,8.6823058
291720132,53.1682051,8.6819464
291720144,53.1693466,8.6806829
291720156,53.1678106,8.6857564
291720241,53.1673251,8.6802522
291720242,53.1672738,8.6808478
291720391,53.1673098,8.6781785
291720392,53.1669136,8.6781785
291720393,53.1657856,8.678176
291720803,53.1705667,8.6834313
291735012,53.1664559,8.6827056
291735059,53.1671734,8.682372
291735532,53.1720619,8.6795642
291735708,53.1710527,8.6824965
291736289,53.1713844,8.6812689
291736291,53.1714569,8.6791384
291736932,53.1724108,8.6841521
291739912,53.1443712,8.7126772
291740040,53.145035,8.7123999
291872817,53.0524016,8.6241632
291873347,53.0527333,8.6219887
292220527,53.0742947,8.8316345
292221035,53.0727033,8.8310704
292255127,53.1302477,8.7062182
292255128,53.1301145,8.7065679
292255131,53.1290886,8.7115578
292255132,53.1286321,8.7137541
292381830,53.1744272,8.6856165
292381837,53.1743801,8.6843778
292381840,53.1754885,8.68532
292381844,53.1753894,8.6841467
292517872,53.1720033,8.6978047
292517924,53.1703984,8.6946835
292607563,53.0335001,8.8238634
292610420,53.0374413,8.8238101
292897368,53.1234095,8.9150778
292951799,53.0713434,8.8382106
292951800,53.0715922,8.840411
292969819,53.0470156,8.8184155
292970919,53.0443248,8.823188
292970929,53.0458638,8.8202507
293010615,53.1199044,8.794306
293310375,53.0431956,8.861126
293320373,53.1424413,8.9110825
293321367,53.0304448,8.8456549
293321760,53.1488652,8.9061286
293321998,53.1493642,8.9093322
293322072,53.1493139,8.9082051
293322073,53.1491839,8.9081471
293322082,53.1494327,8.9080448
293327291,53.1528207,8.9077383
293327511,53.1560275,8.9028697
293329139,53.0502511,8.8479009
293329179,53.1559902,8.9169937
293329182,53.156544,8.9175545
293329194,53.1555227,8.9161064
293329196,53.1557055,8.9175496
293329430,53.0505329,8.8483328
293445182,53.038246,8.8366191
293445187,53.0379007,8.8374024
293899695,53.0562759,8.8183815
293899801,53.0555194,8.8213113
293899805,53.0551784,8.8225751
293899959,53.0550238,8.8231628
293900008,53.0557954,8.8202176
293900043,53.0542842,8.819124
293900708,53.0614115,8.7673146
293900729,53.0642304,8.7552972
293901011,53.0620887,8.7649469
293901019,53.0606833,8.7649479
293901487,53.0648663,8.7643933
293901651,53.063741,8.7555052
293901654,53.0634657,8.7543773
293901673,53.0636754,8.7551252
293901723,53.0624948,8.7557184
293901725,53.0623318,8.7549934
293901902,53.0613096,8.756226
293903119,53.062753,8.757211
293903177,53.0646546,8.7610359
293903179,53.0638979,8.7615434
293903213,53.0652284,8.7626173
293903688,53.06442,8.7633194
293903979,53.0638529,8.7656221
293904291,53.0613598,8.7565543
293904620,53.0576386,8.7196286
293904639,53.0570203,8.7115934
293933557,53.171063,8.7049386
293933576,53.1726576,8.7038349
293933580,53.1727751,8.7048446
293933582,53.1743863,8.7053999
293933592,53.1737444,8.7060644
293933596,53.1732562,8.7060433
293933606,53.1716191,8.7071841
293933655,53.1752755,8.7071947
293933661,53.17517,8.7084824
293933666,53.1744788,8.7091344
293933676,53.1740227,8.7083552
294112346,53.1018705,8.7855832
294136878,53.1774713,8.6993449
294136879,53.1771208,8.6984035
294136888,53.1763055,8.6995436
294136891,53.1769725,8.7026142
294136919,53.1757773,8.6971515
294136920,53.1754244,8.6973271
294136922,53.1760235,8.6981871
294136923,53.1756225,8.698327
294209737,53.0327887,8.8475945
294209889,53.0328589,8.8348091
294235711,53.0886159,8.7929925
294235713,53.1061813,8.7788121
294318517,53.0818117,8.7346851
294623897,53.1114542,8.8164527
294675299,53.0525884,8.8213688
294675312,53.0521003,8.8252315
294675336,53.0520333,8.828262
294707005,53.0512083,8.8209717
294707056,53.0368837,8.8340574
294726052,53.1682351,8.6921642
294726099,53.169385,8.6914125
294726117,53.1692825,8.6904046
294726202,53.1698684,8.6915714
294726302,53.1709436,8.6976497
294726306,53.1708572,8.6983149
294726356,53.1718396,8.7001873
294746917,53.1497122,8.9079928
294746918,53.149955,8.9058311
294787380,53.1742332,8.6972545
295025342,53.1723513,8.700153
295030421,53.0588827,8.7575979
295030426,53.0598859,8.7606587
295081088,53.1718122,8.7032831
295081169,53.1719491,8.7010263
295081176,53.1719793,8.7012132
295081182,53.1726376,8.7013917
295260783,53.1032234,8.8409641
295311075,53.0414649,8.7339647
295311081,53.0425397,8.7354438
295311088,53.0391612,8.7328812
295420755,53.0355624,8.8364553
295420811,53.0338719,8.8374924
295420813,53.0333653,8.8367123
295420816,53.0335509,8.8386711
295796787,53.1301557,8.7059366
295796789,53.1300376,8.7058491
295939926,53.1057534,8.8420886
295939927,53.1056402,8.8424139
295990260,53.1698789,8.654581
295990348,53.169477,8.6545553
296077972,53.1676757,8.7088827
296078034,53.17003,8.7092193
296078044,53.1697974,8.712486
296078046,53.1706831,8.7123561
296078047,53.1697786,8.7126792
296078049,53.1703424,8.7092716
296078051,53.1711983,8.7091801
296078108,53.1715654,8.7075262
296078109,53.1698536,8.708257
296078117,53.1728677,8.7078438
296380272,53.1732645,8.6777304
296380317,53.1739069,8.6832445
296464600,53.17006,8.7052799
296464890,53.1707389,8.7079386
296466003,53.1724889,8.7141681
296466011,53.1748815,8.7101075
296466013,53.1742356,8.7113843
296466023,53.1728478,8.7117633
296466062,53.1735444,8.7146008
296466419,53.1714254,8.7148135
296467094,53.1742114,8.7141774
296467099,53.1739851,8.7132332
296467377,53.1733776,8.7102432
296467380,53.1749849,8.713611
296468426,53.1738374,8.7088742
296468688,53.1761282,8.7126368
296468702,53.1754163,8.7111402
296474781,53.1688644,8.7121764
296474784,53.168955,8.7106217
296475582,53.1716807,8.7119323
296477570,53.1718667,8.727184
296478780,53.1716667,8.718376
296478784,53.1715384,8.7186927
296478793,53.1729579,8.7173175
296485438,53.175777,8.7178406
296485439,53.1754525,8.7165865
296485443,53.1743361,8.7190187
296486166,53.1759758,8.7161477
296487227,53.1774444,8.7167127
296491680,53.1689072,8.7058834
296530624,53.1724351,8.7094715
296571406,53.1742869,8.7094088
296575919,53.1541232,8.9389293
296702303,53.1176084,8.7851849
296884818,53.0337401,8.8379783
296884819,53.0329357,8.8382143
296990479,53.1725454,8.9146127
297029693,53.068724,8.6243902
297236794,53.1769321,8.6839371
297236806,53.1769216,8.6837647
297236831,53.1762553,8.6776231
297236858,53.1759697,8.6764659
297236859,53.1759133,8.6760119
297236860,53.1760561,8.6759426
297236861,53.1759424,8.6762261
297236865,53.1760933,8.6761482
297236896,53.1758948,8.675874
297236903,53.1756458,8.6759779
297236969,53.1759343,8.6777785
297236972,53.1759534,8.6780568
297252408,53.1769648,8.68395
297252467,53.1768619,8.6825259
297252468,53.176312,8.6826594
297440082,53.1665311,8.7022253
297459828,53.0632576,8.6344585
297522447,53.1021048,8.8392659
297536042,53.1040851,8.7978993
297536044,53.0982403,8.7808028
297548441,53.1776688,8.7276655
297548443,53.1778639,8.727588
297548803,53.1767124,8.7244917
297548825,53.1773683,8.7279877
297550079,53.1756497,8.7231266
297550328,53.1745336,8.7212867
297550682,53.1745941,8.7240573
297550684,53.1739181,8.7219499
297560729,53.1796307,8.7162233
297565335,53.0845952,8.7906368
297565338,53.0845669,8.7907375
297574873,53.0450345,8.6708679
297576992,53.1750585,8.7183978
297578935,53.1763648,8.7217724
297579723,53.1759199,8.7209697
297600928,53.1789064,8.7295901
297672158,53.0568317,8.8037592
297673251,53.0542133,8.7156054
297673652,53.0558559,8.7107762
297673809,53.0561592,8.7106305
297674059,53.0557659,8.7110898
297674064,53.0553499,8.7083142
297794836,53.0633185,8.7593536
297817124,53.062063,8.8755702
297861458,53.1124721,8.8075856
298130514,53.0469976,8.7157906
298130519,53.0457887,8.714645
298174411,53.0773874,8.82316
298326209,53.0446537,8.7173886
298326210,53.0452007,8.7160449
298326216,53.045292,8.7158231
298331065,53.0439431,8.7222775
298331066,53.0438057,8.7220627
298331069,53.0427349,8.7204027
298331071,53.0417463,8.7185861
298331077,53.040841,8.7239423
298405017,53.0530462,8.6470359
298405025,53.0532655,8.6460644
298405134,53.0529685,8.6458282
298405309,53.0527167,8.6469271
299492803,53.0793903,8.932389
299492804,53.0810172,8.9388726
299576876,53.0411297,8.8409671
299577702,53.0826373,8.9364803
299583474,53.0848277,8.9398575
299583521,53.0702757,8.7672644
299607746,53.0864967,8.9362605
299678631,53.0522554,8.81694
299678632,53.0515414,8.8155544
299678641,53.0519035,8.8162639
299678649,53.0526788,8.8163182
299678658,53.0522323,8.8182361
299678659,53.0511275,8.8160889
299678668,53.0515834,8.8186481
299678669,53.0506385,8.8167753
299678671,53.0497458,8.8150804
299678673,53.051778,8.8152279
299713909,53.0700017,8.853214
299713912,53.0684813,8.855142
299714196,53.0701472,8.8524422
299715078,53.0695942,8.8556831
299742482,53.132651,8.6240844
299742508,53.1268862,8.6288071
299742518,53.1274821,8.6225008
299832003,53.0887536,8.9072653
299932080,53.0511294,8.8435695
299932082,53.0503609,8.84338
300077172,53.1062005,8.8547007
300081529,53.1313205,8.6253788
300081532,53.1313179,8.6257049
300081774,53.1294239,8.6238381
300081776,53.128988,8.6255129
300083917,53.1284138,8.6230822
300083922,53.1285383,8.6251424
300083935,53.1288233,8.6267226
300083942,53.1274666,8.6260144
300083944,53.1318488,8.6250628
300083958,53.1324389,8.6251999
300086477,53.1348134,8.6243189
300086478,53.1337116,8.6225712
300086493,53.1348622,8.6202577
300086497,53.1350535,8.6218289
300086504,53.1335164,8.6226149
300086505,53.1319834,8.6219559
300086508,53.1332718,8.6234506
300114733,53.0851505,8.7799216
300114735,53.0874112,8.77534
300137748,53.0830191,8.9018643
300317727,53.1786427,8.7042288
300317758,53.1764156,8.7078981
300318004,53.1335042,8.6243917
300318790,53.1355783,8.6210648
300413425,53.0832868,8.8810486
300451627,53.1789666,8.6618498
300524649,53.0665391,8.7827763
300524653,53.0646282,8.7799364
300541267,53.094239,8.9206102
300541268,53.0936067,8.9210636
300541269,53.0938059,8.9189333
300541270,53.0931057,8.9195919
300612089,53.063627,8.7716017
300612166,53.0626975,8.7721703
300612169,53.0624252,8.7722982
300613551,53.0691952,8.7075487
300838616,53.099222,8.8185435
300838626,53.0999297,8.8191487
300996222,53.086237,8.9317522
300996226,53.0855985,8.9280397
300996383,53.0904272,8.9380962
300996453,53.0911984,8.9365623
300996491,53.091912,8.9377087
300999019,53.0975703,8.9262059
300999083,53.0958428,8.9208485
300999387,53.0944597,8.9312967
300999388,53.0951004,8.9323357
300999402,53.091107,8.9234657
301267435,53.1716828,8.6511011
301268774,53.171658,8.6527217
301269200,53.1758624,8.6460847
301269502,53.1770181,8.646883
301269506,53.1765371,8.6449604
301269739,53.1767295,8.6445167
301489519,53.0826378,8.88899
301662202,53.0930104,8.8937618
301662206,53.0945114,8.8931402
301662222,53.0932459,8.8925805
301831076,53.1771483,8.6446778
301831246,53.1777854,8.6457985
301831250,53.1775135,8.6442172
301831645,53.1781942,8.6461315
301834017,53.0952226,8.9110744
301834044,53.0944689,8.9117716
301834047,53.0949515,8.9100079
301834144,53.0947614,8.908833
301834150,53.0943008,8.9108486
301834306,53.0938782,8.9096041
301834892,53.0935891,8.9081108
301837523,53.0985203,8.9238038
301837717,53.0969809,8.9207105
301839593,53.103914,8.9165804
301840806,53.1011428,8.9162073
301845142,53.0937397,8.9285031
301845550,53.0946745,8.9222964
301845693,53.0940362,8.9227161
302072068,53.0998595,8.9109781
302072514,53.1003038,8.9159303
302074576,53.1016735,8.9088436
302074603,53.1006507,8.9096214
302074604,53.1008648,8.9103869
302074630,53.10059,8.9093957
302076216,53.102534,8.9042156
302076224,53.1025101,8.9020041
302076230,53.1025433,8.904887
302077601,53.1046172,8.8993639
302079913,53.1042074,8.9121204
302080200,53.1063995,8.9125509
302082047,53.1037596,8.9074221
302082212,53.1055288,8.9032397
302082221,53.1058461,8.9105115
302082227,53.1052067,8.903835
302082686,53.1079594,8.9120146
302083049,53.1083528,8.9084836
302083081,53.1085924,8.9080224
302083364,53.1033608,8.9039407
302109565,53.176188,8.6655014
302109601,53.1767596,8.6601183
302109602,53.1769309,8.6631076
302109852,53.1780892,8.6591701
302110092,53.1762718,8.6700522
302112448,53.1777171,8.6495484
302112509,53.176798,8.6567611
302112919,53.1756065,8.654696
302112926,53.1763936,8.6497325
302113960,53.1787372,8.6514477
302113964,53.1793877,8.6538055
302306144,53.0440149,8.6717876
302306168,53.0387821,8.6688408
302895803,53.0477405,8.6286828
303019428,53.1111101,8.8095234
303141469,53.1760758,8.6477753
303615824,53.1641656,8.6624035
303616334,53.1668065,8.6592137
303616337,53.1682122,8.6592523
303616339,53.1682555,8.6615602
303616408,53.1682144,8.6606275
303616873,53.1663925,8.6592176
303616877,53.1654074,8.6592812
303617350,53.1680225,8.6633442
303617360,53.1664156,8.6636468
303617367,53.1663376,8.664812
303618202,53.1637094,8.659908
303618897,53.1670635,8.6632338
303620285,53.1689274,8.6575489
303622432,53.1622089,8.65427
303622439,53.16255,8.6519486
303622443,53.1641806,8.6521773
303622490,53.161329,8.6538236
303789939,53.1101881,8.9020442
303790859,53.1116401,8.905132
303790958,53.1125231,8.902597
303790981,53.1119619,8.9036752
303790982,53.1116664,8.9032637
303796079,53.1161297,8.9112825
303796295,53.1155992,8.9125651
303796438,53.1166336,8.9137823
303800306,53.1179569,8.9069881
303800399,53.118978,8.9099293
303801194,53.1199826,8.9097051
303801211,53.1204133,8.9103525
303801661,53.1187959,8.9104275
303802769,53.1214046,8.9104842
303856060,53.1625391,8.6509885
304213902,53.046575,8.673962
304214810,53.0436426,8.6759501
304214812,53.0430933,8.6770033
304214825,53.0426119,8.6733325
304215242,53.0434575,8.6740843
304215243,53.043048,8.6744601
304217426,53.0457726,8.6753422
304435552,53.0862196,8.8919891
304650312,53.0595979,8.7187133
304652591,53.0591365,8.7188838
304682125,53.0779723,8.8682775
305612619,53.0534185,8.6628723
305612626,53.0529885,8.6631398
305612634,53.0529846,8.6632654
307378756,53.075784,8.7570088
307394730,53.0567415,8.7202055
307428650,53.1666238,8.6755943
307498644,53.1001604,8.8992422
307498955,53.0999109,8.8994212
307499057,53.0997428,8.8986649
307499343,53.0997062,8.8985291
307499345,53.0995264,8.8979
307499346,53.0997831,8.8977252
307499399,53.0995235,8.8988971
307501793,53.0995718,8.8990641
307502188,53.100196,8.8994188
307504185,53.1029433,8.9014194
307504186,53.1028792,8.9005483
307504260,53.1027204,8.9005239
307504270,53.1031762,8.8995274
307505045,53.1034547,8.8999346
307505187,53.1034605,8.8993153
307505919,53.106954,8.8983947
307505926,53.1049562,8.8988423
307510403,53.1138111,8.8956322
307510491,53.1127327,8.8984718
307530606,53.1122395,8.8967886
307702726,53.0781039,8.7326521
308104048,53.0784777,8.9037753
309290068,53.0667242,8.8734131
309290069,53.0668749,8.8730331
309794165,53.1282526,8.8950023
309794837,53.1254886,8.8977601
309794873,53.1260693,8.8974679
309795086,53.1267355,8.8962056
309795088,53.1275934,8.8942302
309795095,53.1274864,8.8970599
309795791,53.1271451,8.895253
309795859,53.1252883,8.8946492
309796149,53.1254183,8.8961068
309796152,53.1248994,8.8959918
309796157,53.1247127,8.8969528
309796500,53.1250787,8.895275
309797204,53.1253208,8.8965277
309797837,53.124103,8.8992406
309800429,53.1136327,8.9019994
309978759,53.124735,8.8940744
309978770,53.123424,8.8911198
309978771,53.1237977,8.8905231
309978781,53.124612,8.892325
309978782,53.1247413,8.8919669
309978802,53.1241949,8.893511
309978936,53.1249571,8.8914015
309979002,53.1226616,8.8923708
309979340,53.1217672,8.8942718
309979351,53.1214812,8.8951685
309979800,53.1223455,8.8974181
309979857,53.1215511,8.8979279
309979859,53.1209099,8.8972924
309979861,53.1207454,8.8971081
309979937,53.1213966,8.8977685
309979946,53.1215008,8.8974688
309979954,53.1213945,8.8983372
309979960,53.1211452,8.8975415
309979965,53.1210152,8.8978835
309979982,53.1205954,8.8974664
309979986,53.1220422,8.897907
309980016,53.1223617,8.8984142
310257650,53.0826812,8.8663099
310260121,53.0775028,8.8578127
310260132,53.0784855,8.8561333
310315646,53.1278977,8.8828698
310315653,53.1310299,8.8862887
310315698,53.1292235,8.884238
310315885,53.1307676,8.887303
310315973,53.1278179,8.884071
310319054,53.0962448,8.8948134
310319092,53.0957461,8.8950064
310689922,53.0725639,8.9276604
310691055,53.070706,8.9326297
310831120,53.0769675,8.9177061
311810852,53.0695633,8.7989804
312700024,53.0714924,8.8322949
312701743,53.0715192,8.8321769
312760685,53.0456798,8.6679246
312937522,53.0746215,8.8205056
312937523,53.0742207,8.8202377
314934728,53.0843163,8.7999934
314934731,53.0842464,8.7998056
315388992,53.1246785,8.8940156
315388997,53.1241202,8.8963436
315389003,53.1240297,8.8987114
316255157,53.1524174,8.9024402
316255164,53.1522149,8.8998091
316255169,53.1518098,8.8981345
316286619,53.0786167,8.7390269
316605906,53.1277651,8.7525416
318651436,53.1197618,8.9034058
318651440,53.1194271,8.9031059
318651441,53.119942,8.9027466
318651442,53.1196522,8.9024954
318651457,53.1194606,8.9041828
318651461,53.1192921,8.9035759
318651866,53.1218099,8.8957954
318651880,53.1222829,8.8957574
318651900,53.1221212,8.896127
318651915,53.122619,8.8960844
318651933,53.1224544,8.8964867
318651938,53.122698,8.8961625
318651939,53.1228223,8.8958335
318651944,53.122409,8.8953808
318651971,53.1220441,8.8949904
318651972,53.123022,8.8965098
318651973,53.1228815,8.8969007
318651991,53.1232158,8.8962136
318652023,53.1231491,8.8972525
318652970,53.1260379,8.8999532
318664136,53.1183483,8.9055999
318664194,53.1183199,8.9044219
320173546,53.1775129,8.6210346
321188701,53.0833964,8.8077146
321188703,53.0828813,8.8069064
321666117,53.1528092,8.9262181
321669809,53.1584523,8.922054
321669813,53.1573501,8.9199244
321669814,53.1571401,8.9194263
321669815,53.1571278,8.9190626
321733880,53.1575335,8.9124952
321735194,53.1571173,8.9032225
321735195,53.1569474,8.904363
324153297,53.178875,8.6866549
335867270,53.1783212,8.6837768
338168192,53.099765,8.8074771
340177683,53.0586825,8.6493682
340888272,53.0529116,8.6375594
343371565,53.1004657,8.6413232
343371647,53.0994556,8.6400272
343371648,53.0990944,8.6406986
344751823,53.0981304,8.7885823
345350200,53.1503849,8.9199314
353005978,53.0619227,8.8690592
353005981,53.06237,8.867819
353005986,53.0623294,8.8680062
353034513,53.0894799,8.7963789
353034517,53.0909726,8.7949881
355717115,53.0333679,8.7373445
359760596,53.1045121,8.7823482
360379513,53.0931102,8.9370702
360388069,53.0843251,8.9378307
360388926,53.0829491,8.9359396
360856224,53.0863662,8.9363531
364507361,53.0939084,8.9320413
367925011,53.0822376,8.9078716
369079918,53.1736002,8.9349774
369080370,53.1729841,8.9351923
369089958,53.1499048,8.9156556
369090473,53.1485324,8.9174064
369091081,53.147434,8.9187854
369094109,53.1519942,8.9084698
369094116,53.1529737,8.9101048
369094126,53.1532072,8.9104208
369096114,53.1558579,8.9060863
369096119,53.1550981,8.9066651
369096121,53.1547364,8.9056283
369096339,53.1547008,8.9073206
369096340,53.1553438,8.9083638
369099090,53.1535409,8.9180728
369100765,53.1574322,8.9226763
369100768,53.1564957,8.9213272
369101007,53.1560761,8.9256626
369101932,53.1565462,8.9206429
369101935,53.1567252,8.9209147
369102422,53.1569508,8.921234
369112059,53.1602798,8.9371571
369112061,53.1592712,8.9374066
369201895,53.1626716,8.9368528
369216827,53.1509071,8.9136815
369216831,53.150573,8.9112975
369216841,53.1502062,8.909429
369216961,53.1501275,8.9126653
369222067,53.1479031,8.9134745
369947067,53.0563317,8.7920702
369947068,53.057479,8.7887644
369947069,53.0576059,8.7885154
370871683,53.0980874,8.6530663
371160095,53.0670206,8.8544723
371160539,53.065643,8.8619891
373916587,53.1036064,8.8164697
375609584,53.050317,8.6237252
375684491,53.049823,8.6238839
380421864,53.0544567,8.7066557
380421865,53.0560618,8.7070401
380421949,53.0554343,8.7057408
380421950,53.0548511,8.7057276
380421951,53.0544573,8.7056077
380422321,53.0549851,8.7068014
380423860,53.0560276,8.7041471
380436521,53.0429451,8.6687003
380436522,53.0424653,8.670733
380460053,53.0440573,8.6689274
380460054,53.0450628,8.669784
380521303,53.0557809,8.6477489
380521305,53.0565809,8.6475021
380533963,53.0653621,8.6452966
381899627,53.077237,8.6457549
381899628,53.0774233,8.6452166
381899629,53.0775267,8.6443846
381899649,53.0785059,8.6462322
381905751,53.0442386,8.6439858
381905753,53.0448511,8.6430362
383139680,53.0485348,8.6341441
383175188,53.0413638,8.6504457
383206230,53.0522789,8.6597297
383206242,53.0517222,8.6622854
384945370,53.0680306,8.6394471
384945373,53.0681038,8.6405164
384946568,53.0552321,8.6421947
384946638,53.0549625,8.6422604
384952664,53.0581448,8.6503425
384956909,53.0601306,8.6318482
384956910,53.0617143,8.6356578
384957298,53.059909,8.6329598
384957300,53.0604779,8.632692
384960252,53.0566736,8.6439439
384965509,53.0371046,8.6597066
384965511,53.0379374,8.6589828
385566486,53.0792528,8.8034241
387735619,53.0611101,8.6440281
387735622,53.063835,8.6444435
387736071,53.0525054,8.6549431
387738527,53.048439,8.6558797
387738528,53.0479686,8.6572945
387738805,53.0479862,8.6554766
387738885,53.04728,8.6552732
387738887,53.0471137,8.6541793
387871048,53.0798236,8.8029801
387871053,53.0795941,8.8036505
392299114,53.0800487,8.803427
392299115,53.079686,8.8036284
392401446,53.0320341,8.741147
392659053,53.1738472,8.6208426
392659054,53.1737375,8.6215277
393343931,53.0858233,8.8743759
393346000,53.0847874,8.8734199
393362561,53.0821137,8.8561343
394930893,53.0429598,8.6618538
394930896,53.0423118,8.6610621
394931224,53.0432403,8.661022
394931447,53.0420391,8.6599145
395221129,53.0883404,8.7933882
395221135,53.0885284,8.7936179
395555970,53.0579848,8.6282587
399804005,53.0721183,8.7766829
399806315,53.0713642,8.7759751
399806319,53.0710813,8.7758728
399806328,53.0707378,8.7746731
399807790,53.0704954,8.7752992
400702317,53.0718419,8.7714931
400702322,53.0704017,8.7752581
400900605,53.0769092,8.7643495
400900606,53.0773356,8.7647885
400900608,53.077743,8.7637332
400909162,53.0796319,8.7500138
400909164,53.080693,8.7536254
400946650,53.0789849,8.7514824
401177390,53.1747715,8.6353695
401296970,53.0718304,8.7764185
401297138,53.0720718,8.7769184
401467309,53.0561858,8.643751
401467311,53.0566488,8.6436457
407855505,53.0305565,8.6588901
411089969,53.1693393,8.6332222
411089973,53.1687844,8.6331244
411089974,53.1687958,8.6322126
411090936,53.1740391,8.6429562
411090938,53.1741375,8.6451703
411090939,53.1733214,8.6453004
411091558,53.1745266,8.6451027
411092149,53.1730514,8.6598153
411250423,53.1733286,8.6494813
411295083,53.1690966,8.6598849
411295085,53.1688,8.6588023
411295133,53.1695603,8.6585274
411295134,53.1695543,8.6575851
411391086,53.1691351,8.6359365
411391091,53.1692306,8.6347196
411615851,53.1693652,8.6305387
412277614,53.1413853,8.713992
412277623,53.1410855,8.7151931
412291804,53.077715,8.9280756
412368444,53.1710922,8.7121663
412368446,53.1712182,8.7127691
415312099,53.1730807,8.658548
415352956,53.0521578,8.7697431
416473095,53.1121879,8.814692
420288094,53.0424532,8.8140589
420547540,53.0466105,8.8186401
420547542,53.0467475,8.8182407
421937345,53.0713804,8.9147566
425166975,53.071697,8.8225287
425949308,53.0820365,8.7863927
429649879,53.1262211,8.907214
429649881,53.126037,8.9070375
429652264,53.1223615,8.9141896
429652266,53.1224705,8.9138109
429652267,53.1219533,8.9139628
429652285,53.1221934,8.9132975
430160370,53.1688608,8.6871269
437607168,53.0985866,8.8380947
442022362,53.1143857,8.7441167
442301490,53.0587199,8.9208494
442301990,53.0592118,8.921337
442523937,53.1234278,8.7196818
442524626,53.095145,8.7007219
442524636,53.0937906,8.694903
445656955,53.1203373,8.7540026
448838146,53.0687647,8.7793876
448839580,53.0687621,8.7788283
448956034,53.0687877,8.7790382
450590134,53.1280686,8.7294122
450590136,53.1268205,8.7281948
450590138,53.1245338,8.7391385
454229126,53.0494212,8.8578176
454229127,53.0493521,8.8575545
454229128,53.0495016,8.8577786
454229129,53.0499321,8.858778
456862576,53.0711693,8.8505921
457577091,53.0603021,8.7464423
457577092,53.0600866,8.745308
457577156,53.0614082,8.7441628
458721902,53.0783567,8.8062025
459070794,53.1187342,8.9081915
459446430,53.1747312,8.6633675
459446432,53.1744344,8.663594
459785140,53.1261243,8.8926032
459785375,53.1276046,8.8923613
460990465,53.0551472,8.7416625
461056108,53.059992,8.7449986
461056112,53.0611901,8.743839
461056117,53.0597179,8.7442382
463614767,53.0843277,8.8251045
463629967,53.0647362,8.7786551
463679028,53.0632422,8.7722681
463730859,53.0646392,8.7788032
463731475,53.063663,8.7805943
463732326,53.0609472,8.7849613
463733740,53.0640411,8.7799874
463746256,53.0643099,8.7793852
463764278,53.0596172,8.7853669
463771730,53.0595407,8.808111
463773196,53.0590033,8.8071402
465728075,53.0525694,8.9137239
465728077,53.0526436,8.9135759
467063305,53.0311363,8.7042231
469802683,53.0333982,8.7382466
471115396,53.1416145,8.9057699
472089273,53.0314794,8.7062599
472293027,53.0409112,8.714415
472293028,53.0393031,8.7157523
472293029,53.0385753,8.7163757
472293030,53.0416927,8.7117178
472293032,53.0406541,8.7136629
472293033,53.0393122,8.7129881
472293034,53.0390665,8.7140101
472293035,53.0395452,8.7120633
472293036,53.0396971,8.7110877
472293037,53.0400822,8.7123935
472293038,53.0395743,8.7143101
472293040,53.0377236,8.7128972
472293041,53.0381013,8.7105728
472297305,53.0394594,8.7123415
472297306,53.0386651,8.7119721
473574217,53.0709216,8.6322335
473574221,53.0657942,8.6215992
474400609,53.054284,8.6824757
474996398,53.0345364,8.7079649
474996401,53.0349845,8.7099674
476373846,53.0327301,8.7023323
476373849,53.0331836,8.7036967
476373851,53.0333211,8.7017576
476373852,53.0338408,8.7033777
476373865,53.0340459,8.7056785
476373867,53.0348246,8.7054554
476436385,53.0780814,8.735695
477288482,53.0356709,8.7068433
477288489,53.0357525,8.7057467
477288491,53.0314632,8.7001917
477288495,53.0319681,8.7018461
477288497,53.031028,8.6982384
477288499,53.0312691,8.6975279
477288503,53.0317919,8.6980136
477288505,53.0324002,8.6974724
477288511,53.033377,8.6966709
477288515,53.033569,8.6944082
477288519,53.0324919,8.6974696
477288521,53.0328076,8.6962861
477288523,53.0329341,8.6958327
477293919,53.0316563,8.7010855
477371378,53.0325951,8.6944403
477387285,53.0310338,8.6917867
477387286,53.034167,8.6928651
477387310,53.0326475,8.6927396
477751554,53.0304621,8.6978546
477751590,53.0310785,8.696194
480411422,53.0823675,8.7866252
480427321,53.1078057,8.774712
480427324,53.1067664,8.7722596
485078634,53.0337708,8.6982599
485078637,53.0358586,8.6980827
485078639,53.0342724,8.6982116
485078641,53.0343084,8.7003178
485078643,53.0352845,8.6980992
485078645,53.0353085,8.6990128
485078653,53.0345171,8.6969546
485078654,53.0350592,8.6970076
485078658,53.034527,8.6953985
485078659,53.0345378,8.6941522
485078662,53.0339986,8.6952146
485078663,53.0355789,8.6953006
485078668,53.0354856,8.6946111
485078670,53.0354597,8.6940357
485078678,53.0349466,8.6941322
485078680,53.0364986,8.6932117
485078682,53.0364123,8.6919262
485078686,53.0378599,8.6931422
485078688,53.0378698,8.6919205
485078691,53.0378041,8.6935286
485078694,53.0341815,8.6907617
485078698,53.0351555,8.691171
485078700,53.0358238,8.6915781
485078703,53.0350916,8.6929186
485078714,53.0369187,8.6906641
485078715,53.0366857,8.6919243
485078716,53.0365977,8.6905171
485078718,53.0346149,8.6908154
485078722,53.0346628,8.6901755
485078723,53.0341144,8.6935621
485078727,53.0343578,8.6907369
485547820,53.0330176,8.6927698
485547821,53.0330988,8.6903246
485547822,53.031416,8.691277
485547823,53.0303268,8.6890792
485547824,53.0307829,8.6921049
485547826,53.0305836,8.6896748
485547827,53.0302941,8.6880784
485547830,53.0336183,8.6928291
485605409,53.0308367,8.7394407
485605410,53.0309359,8.7391092
485605411,53.0305931,8.7392525
485605412,53.0307806,8.7386437
485605413,53.0304687,8.7383855
485608013,53.1052525,8.8751007
486368363,53.0322687,8.7432443
486368367,53.0321722,8.7431944
486368370,53.0316643,8.74471
494231651,53.034261,8.8335857
495191841,53.0363438,8.7135985
495191843,53.0362036,8.7091858
495657371,53.0318091,8.690772
495657381,53.0324484,8.6914949
498881794,53.0375515,8.7249911
498881795,53.0367134,8.7247434
503288182,53.0528943,8.7142476
503288183,53.0522603,8.7142195
503288186,53.0523185,8.7153408
503288190,53.0529266,8.7154103
503288193,53.0528207,8.7122521
503288199,53.0525032,8.7091432
503288202,53.0519647,8.7089891
503288209,53.0493913,8.7101225
503288210,53.0518042,8.7119947
503288214,53.0540509,8.7088866
503288217,53.054189,8.71041
503288222,53.0534882,8.7105675
503297669,53.0543335,8.7119429
503297702,53.0517198,8.7089703
503297730,53.0536085,8.7120692
503309607,53.0549829,8.7133317
504572071,53.0516193,8.7100107
507952143,53.0685473,8.7795917
507952144,53.0685842,8.7797519
510839121,53.035296,8.7341106
517770606,53.0501197,8.6493092
519536951,53.0547546,8.6287051
519790561,53.1639609,8.6539567
519790563,53.1648024,8.6541614
521580281,53.173499,8.6899772
523268397,53.0427314,8.6450415
527419957,53.0384209,8.736031
527419958,53.0390452,8.7351282
527419961,53.0389329,8.7368697
527419963,53.0395421,8.7359
527420027,53.0428343,8.7258887
527420036,53.0447151,8.726035
527421182,53.0502495,8.7112947
527421206,53.0497404,8.7129861
527457165,53.0554943,8.7160916
527457168,53.0557183,8.7143629
527909011,53.0476056,8.7093249
528139243,53.0397445,8.7257917
528139264,53.0419703,8.7183558
528139268,53.0402818,8.7207563
528433113,53.0432696,8.7212129
528433122,53.0439259,8.7201503
528433152,53.0387165,8.7308055
528433163,53.039533,8.7324
530568881,53.0568053,8.7786135
537132062,53.1110942,8.7088156
537713046,53.0758071,8.7741624
537713184,53.0768395,8.7754888
537713307,53.074625,8.7724577
537713373,53.0750458,8.773159
537725516,53.0770956,8.7752946
552561885,53.0607936,8.7851601
560154982,53.0512057,8.8162634
563804361,53.1261879,8.7141033
563804364,53.1265213,8.713863
567126478,53.0764293,8.7970176
567126587,53.0786312,8.791145
581116414,53.0730149,8.792134
581810237,53.0496305,8.6736005
581810241,53.0501557,8.6741887
598797872,53.0457446,8.7429212
598797873,53.0448237,8.7425235
598797875,53.0435062,8.7410594
598797876,53.0437331,8.7453716
598797878,53.0444928,8.7435067
598797879,53.0451815,8.7445623
598797880,53.0412113,8.7313865
598797882,53.0424597,8.7302335
598797883,53.0431336,8.7295635
598797884,53.042951,8.73168
598797901,53.0414409,8.739374
598797923,53.0442078,8.7359051
598797925,53.0443213,8.7356595
598797931,53.0452832,8.7396794
599847783,53.106926,8.8553195
604840427,53.0974551,8.8045737
604840437,53.0978967,8.8049834
605025141,53.1402396,8.8985112
605025143,53.1394577,8.8986366
605025150,53.1387814,8.8991892
605025151,53.1384643,8.8998311
605025160,53.1418629,8.9002724
605025163,53.1409351,8.8996725
605025166,53.1422613,8.9010247
605025168,53.1424047,8.8993343
606139583,53.1697751,8.626995
614912398,53.0505854,8.6288728
617979796,53.0716131,8.9021374
622378222,53.1738923,8.6818454
631031054,53.055765,8.8846723
633627534,53.0786012,8.8006608
634344014,53.0983026,8.912042
634344016,53.098398,8.912354
634345368,53.0989312,8.9113111
634345372,53.099026,8.9116489
636070241,53.1285501,8.7141603
638330113,53.0671614,8.8046329
639019293,53.0402915,8.6314176
654457816,53.0838276,8.745062
654459149,53.0446861,8.8223162
654459153,53.0442355,8.8219033
654465523,53.0565697,8.7398028
654486797,53.0332261,8.8511959
654491801,53.0447925,8.8471277
654492042,53.0676195,8.7811422
654492070,53.0664515,8.7792099
654506985,53.1251719,8.7492169
654506986,53.1247977,8.749995
655311689,53.0747926,8.7974168
655311891,53.075296,8.8038325
655317046,53.0733615,8.7980097
658494082,53.1049762,8.7438667
658494208,53.0926161,8.7428107
658494256,53.0856622,8.7488948
658494259,53.085545,8.7497604
659955362,53.1152974,8.7533572
659955459,53.1183622,8.7561679
660073494,53.0404383,8.7295572
660136534,53.0591799,8.7096151
660136535,53.058483,8.7096966
660136888,53.057368,8.7097073
661030523,53.1748536,8.9072641
661030524,53.1750884,8.9086031
661033555,53.1548308,8.9272997
661033557,53.1566639,8.928993
661362220,53.1404263,8.6939846
662063082,53.0854937,8.7906609
662432913,53.1379305,8.7535934
663002385,53.1265429,8.7479824
663002386,53.1262286,8.7472378
663266336,53.0762093,8.7784833
663406192,53.0346847,8.728735
663406193,53.0351868,8.7292401
663441794,53.1141931,8.8896058
663441796,53.1146326,8.8899589
663441798,53.114986,8.8889292
663819340,53.1279656,8.7510541
663819378,53.1283098,8.750516
663819386,53.127606,8.7515913
663949878,53.1265213,8.7578063
664042095,53.0550097,8.7365664
664043213,53.0540923,8.731067
664043235,53.0604622,8.7387832
664161466,53.0404056,8.8476844
664161480,53.0415131,8.8469911
664589249,53.1358703,8.7291691
664602678,53.1357104,8.7297033
664602679,53.1366485,8.7304758
664693587,53.1117518,8.7540199
666474617,53.132622,8.8979279
666787230,53.1119656,8.8202864
666918316,53.1036474,8.8159281
666921013,53.1188772,8.9160592
666961392,53.1063909,8.863561
667073260,53.0682371,8.8639682
667094371,53.0851785,8.7878608
667377605,53.0706494,8.8545062
667425993,53.1081968,8.86143
667451507,53.0723949,8.8179098
667464272,53.0762339,8.8036414
669018531,53.0869434,8.7920956
671215011,53.1167217,8.7363895
671215017,53.1176495,8.7365632
671487159,53.1194296,8.9168812
671487174,53.1191777,8.9173371
671487283,53.1195078,8.9173763
671487286,53.1193855,8.9176145
671487326,53.1193204,8.9170786
671537501,53.1366431,8.9376721
672977424,53.0612997,8.6346807
675731338,53.0939192,8.7922177
677092184,53.1097259,8.8859267
681295748,53.0864136,8.7816836
683142632,53.0658541,8.6391526
685997006,53.1256821,8.7439637
689562321,53.0866409,8.8007592
689574478,53.0878103,8.7946841
689574480,53.0869788,8.7963122
690946767,53.0789352,8.7153518
694481049,53.1115831,8.7625456
694481054,53.1119023,8.7630714
694592882,53.0705875,8.8333401
697095156,53.0313428,8.6955037
697095157,53.0319141,8.6960345
697095159,53.0316655,8.6947015
697095160,53.03221,8.6952749
697096065,53.0362664,8.6899189
697294884,53.0948537,8.7698175
697294885,53.0947522,8.7694043
697294886,53.0950321,8.7697881
698784558,53.0309352,8.6995369
698784566,53.0313479,8.6986182
699060101,53.1280618,8.7565742
699060109,53.1276307,8.7575377
699060113,53.1271843,8.7585315
699060438,53.127433,8.7557812
699060440,53.1269924,8.756763
699060511,53.1278627,8.7548329
699180264,53.037223,8.7238903
699180269,53.0365586,8.7228988
699182339,53.0382506,8.7404158
699188837,53.0336464,8.7232339
699188842,53.0335543,8.7236385
699188849,53.0334062,8.7257447
699193718,53.0328605,8.722084
699571821,53.1269045,8.7566649
700761024,53.0362828,8.7324233
700761124,53.0356059,8.7334842
703760878,53.0440554,8.8493248
703760883,53.0440488,8.8472802
703760885,53.0441441,8.8465912
703760909,53.0434513,8.8472246
705808959,53.1033829,8.7764318
707517246,53.0617621,8.6646137
707517262,53.0612172,8.6670645
707517264,53.0614767,8.6658583
712747250,53.1293651,8.7054012
717669339,53.1147783,8.7495445
723923241,53.068615,8.7798351
724314138,53.1336417,8.7350606
734768672,53.0933467,8.786265
737255431,53.0858688,8.7813073
737831328,53.0773645,8.6300686
737831329,53.0752547,8.6277099
737831335,53.0748017,8.6280022
743234927,53.1406456,8.7358611
744737878,53.1526314,8.7111945
746270414,53.0480563,8.7184519
766623374,53.0719673,8.8106063
772448730,53.0660268,8.7943524
775573105,53.1014054,8.7739811
775573118,53.0812979,8.7965102
775573165,53.1078852,8.7631902
775573172,53.1121878,8.7520078
775573200,53.1083341,8.7638959
775573212,53.1010654,8.7735557
775573231,53.1084422,8.7641375
777285258,53.071535,8.8648432
777285441,53.0785294,8.8268937
777285458,53.0744935,8.8694001
777285514,53.0739948,8.8705063
778273270,53.0342036,8.8383389
778301185,53.0971155,8.871068
790134135,53.0520421,8.6243576
790135046,53.0328454,8.6622126
790135073,53.0325846,8.661816
800286069,53.0849134,8.7842122
800286071,53.0836576,8.7857909
800286098,53.0833405,8.7864337
800286101,53.0846265,8.7838264
802371236,53.0814183,8.8145298
802371696,53.0805452,8.8194655
802714695,53.140562,8.9150919
802714702,53.1407215,8.91473
803231567,53.1442626,8.7211714
803756045,53.0636282,8.8590902
804903609,53.0875324,8.7816842
804903632,53.0870405,8.7825472
804926100,53.0881222,8.7807127
806947657,53.0926475,8.8029961
809967679,53.0597495,8.9164301
809967682,53.0596072,8.9163741
823417066,53.0681664,8.7806282
829668533,53.1325859,8.7359484
835719886,53.1780146,8.7172864
835720409,53.1782765,8.7209223
835721068,53.1785898,8.7189709
835722001,53.1781493,8.7190892
835722085,53.1786355,8.7140038
835722110,53.1784095,8.7171104
835722570,53.1787348,8.7207722
835917767,53.175771,8.7212943
835918682,53.1751805,8.7200552
835918792,53.1754563,8.719748
846093612,53.0316373,8.6968114
846160030,53.0824782,8.7892628
846162810,53.0828165,8.7894579
846196124,53.0831897,8.7865441
846273114,53.0839465,8.7861776
847392927,53.0837537,8.7878583
847470371,53.0885145,8.7698974
847751387,53.0855,8.7896543
848301647,53.0822485,8.7889376
849649456,53.1535682,8.9098582
849649477,53.1527096,8.9097038
849649479,53.1532272,8.9096119
849649481,53.1522193,8.9105334
849649484,53.1526422,8.9114765
849917532,53.0363368,8.7323189
850184311,53.0762411,8.7503558
860539099,53.0952211,8.8074199
860539124,53.0965832,8.8068906
860539151,53.0946382,8.8081538
864405955,53.1271013,8.7104244
874218893,53.1637875,8.91587
888883132,53.0312468,8.7405515
888883140,53.0314429,8.739932
888883141,53.0309462,8.7395351
888891903,53.0511906,8.7607831
890480978,53.0535707,8.769509
890480993,53.0528289,8.7637172
899645410,53.0314029,8.727247
899645457,53.0315102,8.7263424
903165557,53.0328168,8.7388999
903165563,53.0329797,8.738403
904610027,53.0709491,8.83854
907013139,53.0548653,8.7978715
909025001,53.0670629,8.8707602
909042328,53.0666489,8.8629034
909042412,53.0677833,8.8631712
909247342,53.0783326,8.8088377
912365814,53.0859507,8.8024943
913630306,53.0868504,8.7995397
914813669,53.0549603,8.799711
914818899,53.0502626,8.8125546
918877457,53.0615581,8.770779
921598759,53.0962953,8.7884473
921644244,53.032302,8.694305
921705424,53.0713884,8.812126
923985116,53.1769991,8.6837596
923985117,53.1769596,8.6837399
923985118,53.1770022,8.6839262
932052179,53.0818189,8.8558323
935560081,53.038905,8.7286586
935560082,53.0393176,8.7292401
935735418,53.0692432,8.7772803
937892625,53.0328706,8.8098126
937892626,53.0336337,8.8103473
938589687,53.0618044,8.7837618
939086027,53.1319379,8.7292509
947871034,53.1308922,8.7379474
967313518,53.0711796,8.8278941
969098211,53.1277234,8.7292189
969098213,53.1273959,8.7302211
976678138,53.053549,8.847621
976678139,53.0543473,8.8453746
990253698,53.0563066,8.7164304
997661569,53.071842,8.880795
1005418153,53.1143304,8.8712277
1010791484,53.1055466,8.8507563
1014217165,53.1336293,8.7396436
1014244266,53.128857,8.7463993
1014244297,53.1294319,8.7455264
1014244341,53.1298261,8.7449896
1014266884,53.1235321,8.7467219
1016581884,53.0815232,8.8142817
1016756861,53.0779859,8.8236544
1017961996,53.1025791,8.7769286
1018249270,53.0945071,8.779968
1028723875,53.0773389,8.8208359
1028799768,53.0713577,8.8247197
1028833128,53.0708511,8.832459
1028833254,53.0716737,8.8342113
1036529082,53.0696611,8.832742
1036529458,53.0708508,8.8524333
1037610507,53.0621633,8.8674138
1037610672,53.0641988,8.8699383
1037611078,53.0620751,8.8672676
1037611097,53.0656831,8.8538173
1037687795,53.128989,8.7277594
1037687811,53.1290903,8.7280526
1037800534,53.1151608,8.8891045
1041869180,53.1338853,8.7370663
1041871364,53.1334018,8.7372932
1041871574,53.1341558,8.7372189
1066630773,53.1217616,8.7896613
1070741805,53.1442296,8.7156782
1095216723,53.0897926,8.8297636
1096820962,53.0648693,8.8536136
1117411895,53.1430643,8.7129418
1129140626,53.1425747,8.7360352
1132100541,53.1388542,8.7366276
1140110230,53.1308011,8.7305952
1141391833,53.1242827,8.900818
1141391876,53.0378544,8.8226768
1141624412,53.1260043,8.7571925
1141657990,53.125467,8.7418801
1141658081,53.1256477,8.7427085
1158371036,53.0479218,8.6203267
1158371043,53.047915,8.6205806
1182546627,53.0697464,8.7735951
1187215344,53.0700549,8.8658078
1191634292,53.0808319,8.7978053
1195533842,53.0765,8.8149236
1195533862,53.0744947,8.8157598
1199499467,53.0337794,8.6564178
1210647962,53.0488496,8.740653
1210918262,53.1715059,8.6277916
1210918279,53.1719291,8.6285995
1211180733,53.038583,8.7164289
1211243591,53.0408139,8.7282464
1212492648,53.0496506,8.7611299
1215396012,53.03915,8.7280064
1219918031,53.0578597,8.7574082
1220024609,53.0558804,8.6629982
1220024638,53.055733,8.6630355
1222296482,53.0304452,8.6890792
1222296532,53.0342219,8.6982183
1222296568,53.032558,8.6944293
1222296590,53.0343421,8.691705
1222296596,53.0318881,8.7019722
1222296640,53.0338057,8.6888688
1222296645,53.0342249,8.6919075
1223733469,53.0680282,8.7998596
1224732130,53.0739262,8.7877486
1227081553,53.0843006,8.8027048
1229705909,53.0576897,8.6890079
1229705970,53.0573092,8.6871091
1232512302,53.05943,8.6650191
1234185888,53.0579432,8.7281989
1236525689,53.1108258,8.7525243
1236568797,53.0900882,8.7832488
1241297079,53.0787974,8.739922
1241297131,53.0790869,8.7385546
1243436710,53.0315758,8.7378938
1243643055,53.0374266,8.7266254
1260316799,53.0927157,8.7816663
1266762322,53.0753749,8.7923133
1268707103,53.0909399,8.7440361
1271011308,53.0543351,8.7271119
1271017105,53.0583614,8.7328399
1271017109,53.0576707,8.7285111
1271017120,53.057713,8.7287741
1271017128,53.0576609,8.72845
1271017131,53.0577171,8.7236816
1271017133,53.056955,8.7237732
1271734229,53.0762604,8.7886773
1273307733,53.0858243,8.748386
1273472829,53.0997785,8.7037443
1273472831,53.0986114,8.703269
1274093558,53.0795927,8.7966017
1274889690,53.0892124,8.7176488
1274923841,53.0889808,8.7187242
1274944357,53.0832545,8.7331898
1274944397,53.0887833,8.7190001
1274961452,53.0812455,8.7333658
1275129506,53.079767,8.802538
1275205583,53.1637705,8.6612174
1280749376,53.0347959,8.8413006
1281855536,53.1131662,8.8698529
1282035886,53.1227603,8.8933359
1283348131,53.0709183,8.9021213
1283417160,53.1143761,8.9014042
1285015018,53.0746222,8.8778295
1285159908,53.0803594,8.9399212
1295121054,53.0861772,8.7903603
1295121056,53.0856511,8.7921189
1295121057,53.0862127,8.7907374
1295427539,53.1192874,8.9088234
1299325251,53.0782303,8.8330367
1299345094,53.0792283,8.8262274
1299345155,53.0787691,8.8261773
1299345161,53.0787396,8.825917
1301189717,53.03705,8.8520369
1301189724,53.0368103,8.8523498
1302351249,53.1044354,8.7851304
1302351278,53.094348,8.7909402
1303631972,53.0412245,8.7130121
1303632025,53.0411858,8.7123539
1303632062,53.0410494,8.7124759
1303632137,53.0409348,8.7125579
1304193407,53.0790478,8.7715725
1304193452,53.078737,8.77217
1304227977,53.0799519,8.7147214
1305261465,53.0665771,8.803889
1305261471,53.0656835,8.8054048
1305261477,53.0684614,8.8007683
1305261479,53.0685117,8.8008708
1305261481,53.067474,8.8024336
1308885805,53.0436756,8.8642184
1308885809,53.0455593,8.8629147
1309608225,53.0405225,8.6771115
1311210015,53.0532146,8.8176756
1313479842,53.045877,8.7101758
1322315024,53.0811221,8.831638
1324645105,53.1093455,8.8577243
1324822435,53.1096721,8.9057386
1324996210,53.1084261,8.8953379
1325248989,53.0396123,8.861234
1325759611,53.0907157,8.8088826
1328817459,53.0622962,8.810271
1328817540,53.0670178,8.8031616
1328817546,53.0644038,8.8075539
1328863753,53.0603225,8.8116096
1328892235,53.0597763,8.7981438
1330982506,53.0963088,8.79242
1330996679,53.0932006,8.793087
1330996681,53.0932397,8.7936128
1334663174,53.0434568,8.6380988
1336225624,53.1735483,8.6754847
1336225640,53.1734812,8.6772821
1336253668,53.1740584,8.6801107
1337291346,53.0858853,8.7489458
1337291354,53.0862664,8.7494795
1337291381,53.0870345,8.7474434
1337291383,53.0870886,8.7484615
1337291396,53.0872157,8.7478676
1337291399,53.0872414,8.7471709
1337291417,53.0873944,8.7469888
1337291421,53.0875292,8.7475345
1337291437,53.0876964,8.7475583
1337291439,53.0877866,8.7458399
1337291454,53.088112,8.7465156
1337291463,53.0882359,8.7456575
1337291469,53.0884669,8.7457644
1337291475,53.0886031,8.745603
1337291486,53.0887759,8.7446628
1337291487,53.0887973,8.745582
1337291507,53.0897671,8.743968
1337291515,53.0898709,8.7445
1338309493,53.0414451,8.8453014
1340367553,53.0432141,8.8620399
1340367563,53.0428094,8.8630328
1340367569,53.0444327,8.8636945
1340367573,53.0427405,8.8622012
1340367584,53.0433426,8.8637244
1340367593,53.043278,8.8628804
1341335978,53.0870232,8.7761247
1341335995,53.0866765,8.7756314
1342091613,53.1706905,8.6993276
1353511378,53.1344738,8.7380234
1363394601,53.0398966,8.8296631
1367941566,53.052712,8.8473296
1370099919,53.0984017,8.8229141
1373691749,53.0997767,8.8168872
1373691750,53.0993967,8.8210271
1373691751,53.0989285,8.8195651
1373691752,53.1001542,8.8159608
1373691753,53.0996726,8.8201075
1373691754,53.1001348,8.8185324
1373691757,53.1007648,8.8166959
1373691758,53.0994336,8.8178866
1373691760,53.0986538,8.820598
1373691761,53.1004449,8.8175859
1374114629,53.0896536,8.8456633
1374306203,53.1003187,8.8705118
1374730629,53.1766169,8.7353918
1375668643,53.0842662,8.8497652
1375811539,53.092183,8.8935499
1380872342,53.1222532,8.9147051
1381930222,53.1009205,8.8677343
1381986470,53.0821854,8.8028848
1382892421,53.0822162,8.7957867
1383258473,53.145049,8.909354
1387266473,53.0611166,8.7688544
1392339774,53.0949747,8.7916132
1392357016,53.0821903,8.8935612
1392370600,53.081597,8.8893934
1406589648,53.0925465,8.8805024
1409048782,53.1753871,8.628544
1412675917,53.0913268,8.9151717
1412675929,53.0909628,8.9172263
1417919702,53.0459826,8.873819
1419459360,53.1145177,8.8287207
1432081633,53.0867689,8.83782
1439685294,53.0896167,8.8493424
1445280406,53.0300857,8.8210432
1445468006,53.0824952,8.7919048
1445468015,53.0827238,8.7917145
1453490553,53.1581619,8.9034005
1454671494,53.151385,8.9011777
1461100361,53.0967696,8.6883888
1471135416,53.1719115,8.9343035
1471135419,53.1728156,8.9328619
1473461036,53.0612928,8.8003568
1474903908,53.033651,8.8508286
1477924861,53.1041992,8.8767304
1482565975,53.0898567,8.8032949
1511582158,53.086052,8.7911593
1534873834,53.078369,8.8178932
1535257570,53.0791492,8.8199508
1540261462,53.1758531,8.6658193
1540461771,53.1715531,8.6825871
1540461776,53.1724472,8.6798895
1540481895,53.1710414,8.6861553
1540518457,53.1597503,8.703652
1540518480,53.1676843,8.702122
1540518483,53.1686913,8.693867
1540668606,53.1560746,8.7044063
1540682901,53.1536323,8.7053984
1540682909,53.1552928,8.7058268
1540682911,53.1561477,8.7056439
1540686627,53.1552028,8.7045823
1540777615,53.1713575,8.7030111
1540815736,53.1738058,8.7194959
1540902094,53.1782236,8.7161258
1541138805,53.1774336,8.7255059
1541138828,53.1784817,8.7178453
1541138846,53.1785823,8.7309381
1541138850,53.1786933,8.7097659
1541138867,53.1788925,8.7284061
1541138878,53.1794288,8.7107189
1541138881,53.1796408,8.7174346
1543140971,53.07523,8.8288635
1543140975,53.0752732,8.828548
1543140979,53.0753615,8.8279025
1544680266,53.0924713,8.8026879
1544680268,53.0945908,8.8013027
1545214428,53.0718726,8.8110702
1550420759,53.1434876,8.7137009
1550451611,53.1336398,8.7365461
1550451644,53.1345927,8.7334291
1550451650,53.1352968,8.7310806
1550801906,53.1340459,8.7373086
1550801920,53.1363583,8.7396067
1550878771,53.1213724,8.7527989
1550878799,53.124874,8.7487927
1554683057,53.1665369,8.6460924
1554712595,53.1728817,8.6251501
1556490265,53.1161338,8.7546103
1556490267,53.112856,8.7567992
1556490311,53.1140495,8.7564267
1557131630,53.1511438,8.9193116
1559114020,53.1536835,8.9213565
1559114034,53.1544017,8.920828
1559114076,53.1557921,8.918003
1559114112,53.1571259,8.9191672
1559471226,53.1418649,8.910016
1560560984,53.1229398,8.8930047
1560561019,53.1225583,8.8936994
1561501487,53.0780791,8.8232614
1563479609,53.1073973,8.878694
1567806540,53.0983406,8.8173427
1567816308,53.0993299,8.8181997
1570030376,53.0900019,8.7874276
1570030381,53.0915131,8.7909837
1575320163,53.0791153,8.8489699
1590517708,53.1160376,8.7588816
1591064444,53.1569991,8.9276956
1591064447,53.157366,8.9278738
1591075270,53.1555535,8.9269463
1591075280,53.1562589,8.9273259
1597341389,53.176922,8.8423802
1609022015,53.1025167,8.9117703
1609022030,53.1019318,8.9098753
1611479268,53.0302324,8.6370915
1611479290,53.0337962,8.6207829
1635624942,53.0957315,8.7974595
1641249224,53.1472492,8.7393605
1641249280,53.1467604,8.7391251
1641249322,53.1465197,8.7389944
1641249350,53.1462425,8.7386826
1641249413,53.1467137,8.7389277
1641249427,53.1472669,8.7392544
1641249435,53.1469196,8.7390317
1644134343,53.0937301,8.7895146
1644135209,53.0967445,8.7835562
1644135211,53.096776,8.7834854
1647409176,53.1430231,8.9061691
1647621410,53.1470096,8.9066987
1647621427,53.1473587,8.9044155
1652132980,53.1490921,8.9084112
1657509355,53.0681356,8.8523502
1659078849,53.0388225,8.8930504
1659420042,53.1503185,8.7288361
1666757353,53.1404094,8.9091269
1666758169,53.1408066,8.9089455
1666758171,53.140467,8.9080177
1668327944,53.1008032,8.8249014
1671945746,53.0676056,8.8624975
1671945747,53.0676535,8.8625944
1671945751,53.068263,8.8609357
1671945756,53.0689353,8.859274
1671945760,53.0690852,8.8587409
1671945768,53.0694688,8.8580781
1671945770,53.069498,8.8581464
1675893900,53.0807123,8.6255003
1675893902,53.0808612,8.6257877
1678677160,53.0710055,8.8337831
1678677175,53.0713759,8.8354819
1678677179,53.0714782,8.8357376
1679655419,53.1067515,8.8627992
1679655421,53.1068507,8.8626835
1679655425,53.1072441,8.8621066
1679655447,53.1084714,8.8611659
1679655448,53.1085271,8.8612943
1679655449,53.108757,8.860807
1683957066,53.0651544,8.8787441
1683957067,53.0652069,8.8789421
1683957069,53.0661885,8.8757047
1683957070,53.0662219,8.8759108
1683957072,53.0668251,8.8741037
1683957073,53.0668803,8.8735882
1683957076,53.067025,8.8730923
1683957079,53.0671211,8.8732328
1684033822,53.0651365,8.8696603
1687374286,53.1297365,8.8989971
1687374319,53.1322771,8.8891085
1687374323,53.132264,8.8807348
1687385567,53.1348831,8.9345532
1687629080,53.0777493,8.6206461
1687660984,53.0531566,8.9118264
1688099963,53.1130417,8.8048952
1689136353,53.0600244,8.8936752
1692182919,53.0413679,8.8166462
1692182937,53.042112,8.8172111
1692182955,53.0423532,8.8173892
1692183039,53.0423948,8.8156368
1692249086,53.0342148,8.8294114
1697633771,53.1032816,8.7756161
1699210673,53.060812,8.6803824
1700069570,53.0608485,8.8916204
1700069600,53.0615371,8.8894747
1700069603,53.0616582,8.8894719
1700069649,53.0625365,8.886859
1700069682,53.0635417,8.8840477
1700069685,53.0636086,8.8841247
1700381499,53.032501,8.8120945
1701388124,53.1022328,8.7613443
1736276684,53.1514906,8.9188841
1736276688,53.1516346,8.9192313
1736276707,53.1541097,8.9331189
1736276708,53.1542945,8.9343792
1737182090,53.0652893,8.8732435
1751763115,53.0522196,8.8454789
1751765378,53.0496662,8.8387936
1752515275,53.0531001,8.7423842
1768092286,53.0756413,8.8052774
1773754258,53.0651377,8.879147
1778071740,53.0759477,8.7567278
1783035825,53.0627004,8.8800757
1791417742,53.1700398,8.6490863
1791417748,53.1697592,8.6479329
1791417761,53.1702303,8.6479222
1791417764,53.171195,8.6504184
1795230027,53.0688936,8.8592296
1799318431,53.0515217,8.6369238
1809941411,53.0368237,8.6600815
1809941425,53.036911,8.6594564
1809941436,53.0369668,8.6597366
1809941446,53.0370261,8.6595853
1809941473,53.0372078,8.6605393
1809941499,53.0373782,8.6599609
1809941671,53.038676,8.6602428
1809941672,53.0387158,8.6606259
1809941700,53.038922,8.6605957
1809941746,53.0389987,8.660577
1809942005,53.0402704,8.6626465
1810011452,53.0437581,8.6530534
1810011476,53.0439046,8.6528943
1810011567,53.0450694,8.6526782
1810011693,53.0458476,8.6532402
1810011706,53.0460684,8.6525642
1810012107,53.0488592,8.654748
1810012130,53.0490611,8.6543008
1811737917,53.1012319,8.8737958
1811953250,53.1050944,8.8668343
1811953258,53.1053209,8.8661185
1812509954,53.1056374,8.8739882
1812588544,53.1058439,8.8422922
1818967881,53.130186,8.8986688
1823176490,53.1290522,8.8931571
1823176551,53.1301522,8.894283
1823336173,53.0425398,8.8122804
1826621634,53.0604112,8.892095
1826621705,53.0604803,8.8924894
1826969658,53.0606917,8.8923455
1827763457,53.0614815,8.8900124
1828164671,53.0594581,8.8958681
1828856351,53.0594194,8.9020801
1830018184,53.1048418,8.8762538
1830786142,53.0856631,8.7897497
1830786143,53.0857907,8.7900606
1830786146,53.0858698,8.7898454
1830786152,53.0860782,8.7903091
1835241370,53.1119129,8.8078513
1835241491,53.1129649,8.8110049
1835241549,53.1150195,8.811647
1835386538,53.1106434,8.8616845
1835981623,53.1404747,8.9283931
1835981634,53.140595,8.9281606
1841088884,53.14559,8.9082254
1857216711,53.0510743,8.6605736
1858163137,53.0978923,8.80711
1858163145,53.0973859,8.8069741
1861953448,53.081075,8.8831539
1862019102,53.1272036,8.7496607
1868678103,53.0611972,8.790704
1870206765,53.0326914,8.8518402
1870206768,53.0325052,8.8511388
1870206790,53.0325068,8.8518349
1870206813,53.0329777,8.8525362
1874310522,53.1144374,8.8109122
1876119157,53.0839356,8.7992459
1876319562,53.0859867,8.7905592
1876319645,53.0885664,8.7926142
1879767749,53.0579632,8.9336491
1880060222,53.0577966,8.8822866
1881107943,53.1761825,8.7307194
1881107976,53.176432,8.7313317
1881107983,53.1765132,8.730597
1881108049,53.1768292,8.730488
1881108100,53.1770905,8.7313594
1881108119,53.1771383,8.7304123
1881108183,53.177492,8.7303258
1885652766,53.040805,8.6511988
1885652774,53.0411568,8.6625383
1885652803,53.0417121,8.652308
1899762308,53.0824189,8.8369098
1900401827,53.0809809,8.843304
1900401849,53.0808008,8.8432355
1902206965,53.0914536,8.8709794
1902237576,53.0912864,8.8709291
1903039745,53.0952644,8.8775042
1903280620,53.0966193,8.860752
1903926072,53.0885541,8.8429837
1904138536,53.1076104,8.7972954
1904138621,53.1089016,8.797447
1904138750,53.1118069,8.8025079
1907022386,53.1660146,8.6567518
1907302699,53.0786727,8.8740251
1907362271,53.1015308,8.8030589
1907362448,53.1047391,8.8018424
1907362457,53.1050005,8.8019726
1907362458,53.1050078,8.8020841
1907362467,53.105062,8.801555
1907362473,53.1051258,8.8016749
1907362475,53.1050701,8.8023493
1907362477,53.1051835,8.8010942
1907362500,53.1076017,8.8034009
1907362504,53.1081752,8.8039275
1907362507,53.1085069,8.8040151
1907475165,53.0949038,8.7913722
1907475191,53.0969841,8.7953435
1907475202,53.0982537,8.7955413
1907475204,53.0987901,8.7956851
1907556371,53.0953637,8.8094465
1910065257,53.0703282,8.8351074
1910185731,53.0814539,8.8561385
1910313734,53.0576128,8.78923
1910434965,53.1004601,8.7571951
1912280389,53.0771209,8.821404
1912998806,53.0873293,8.79007
1912998834,53.0876303,8.7905083
1912998850,53.0877246,8.7893669
1912998941,53.0880301,8.789823
1912999019,53.0890376,8.7871576
1912999190,53.0899175,8.7875353
1912999239,53.0903132,8.7883266
1912999453,53.0951279,8.7911785
1912999466,53.0956037,8.7951476
1913070282,53.0929994,8.789499
1914456575,53.0421544,8.9308383
1920279142,53.0926276,8.8038481
1920279154,53.0928878,8.8034823
1920279157,53.0929281,8.8035553
1921006948,53.0898453,8.8034524
1921006962,53.0899178,8.8040631
1921026648,53.0913045,8.8102885
1921026649,53.0915665,8.8109144
1921386081,53.1287491,8.748832
1921966965,53.0971889,8.8164255
1921966987,53.0975393,8.8166523
1922333412,53.0993201,8.8075216
1922333649,53.0997039,8.8076692
1922867772,53.0815567,8.8210108
1922867774,53.0815956,8.8209243
1923159189,53.081205,8.8313082
1924909059,53.0991133,8.8097877
1924909069,53.0992197,8.8093089
1925162406,53.0841114,8.816585
1930117048,53.176161,8.7503192
1930177565,53.1796686,8.7236494
1931144828,53.0308607,8.659975
1931145232,53.0336231,8.6736427
1939451668,53.1094844,8.8856066
1939451677,53.1096435,8.8861402
1942439780,53.0894456,8.7959797
1942439786,53.0896754,8.796267
1942440014,53.0940063,8.794298
1942805060,53.0328161,8.7281372
1942805066,53.0688887,8.7806093
1944568285,53.0622999,8.7734861
1944568344,53.0626269,8.7726084
1944568370,53.0626951,8.7727045
1944568639,53.063743,8.7711307
1944568756,53.0642224,8.7709533
1944569168,53.0678656,8.7807697
1944569472,53.0709583,8.7856302
1944615207,53.0356334,8.8949518
1945114994,53.0943463,8.8082375
1945172900,53.1003356,8.7867496
1947897901,53.0923992,8.7905403
1947898067,53.0932543,8.78979
1951080711,53.0884741,8.8080665
1951080779,53.0914994,8.8070562
1951080780,53.0915202,8.8071027
1952414915,53.0849165,8.8148319
1952715267,53.0583317,8.6771584
1952722415,53.0575325,8.6785862
1952722424,53.0575856,8.6785567
1952722434,53.0584853,8.6755621
1952722443,53.0576135,8.6785387
1952722445,53.0583393,8.6755265
1953886346,53.09552,8.8181605
1955830064,53.0622702,8.6613316
1955830073,53.0609567,8.661941
1957681145,53.0578779,8.7860937
1958646075,53.0729065,8.7996585
1960476107,53.0713923,8.7957121
1964258654,53.0765444,8.7877622
1965996544,53.0902934,8.813317
1966391459,53.0782406,8.8238447
1966391527,53.0787726,8.8170738
1966436788,53.0821127,8.7980414
1966436797,53.0824816,8.7966515
1966436805,53.083092,8.7971311
1966685000,53.0787874,8.8005395
1966685849,53.085078,8.8017932
1967022531,53.0551077,8.7996751
1967022532,53.0550339,8.7998168
1968608935,53.0825038,8.8094564
1968618309,53.0316715,8.6599193
1969238885,53.0670523,8.8090457
1969238893,53.0673908,8.809607
1969238906,53.067877,8.8105089
1969238916,53.0680125,8.8085284
1969238992,53.0685379,8.8093836
1969239046,53.069078,8.8102695
1970663010,53.0528359,8.8179296
1973958559,53.0780112,8.7562604
1973966331,53.1110556,8.8519268
1973966340,53.1113775,8.8522456
1973966341,53.1114157,8.8521174
1979521876,53.109087,8.7725935
1981972517,53.1096339,8.858049
1981972564,53.1098938,8.8581883
1982104940,53.1085118,8.8451124
1983310657,53.1041202,8.8168367
1983494697,53.1008573,8.808741
1984331741,53.1145951,8.8290128
1985472790,53.1065477,8.8631838
1985526651,53.1125494,8.8799636
1985526661,53.1126509,8.8798922
1985692594,53.0855106,8.8400696
1986302483,53.0705624,8.8281112
1987081939,53.0784046,8.823101
1987258766,53.070568,8.8334518
1987258783,53.0706572,8.8335194
1989820630,53.0788867,8.8626619
1989820645,53.0793298,8.8603388
1989820653,53.0795711,8.8613607
1989820698,53.0811658,8.8567493
1991674252,53.0930592,8.7809238
1991674281,53.0946632,8.778711
1991674301,53.0948031,8.7782615
1991674310,53.0948859,8.7791824
1991674354,53.1020811,8.7781412
1991674414,53.105146,8.7766299
1991674476,53.1063437,8.7790264
1991737546,53.0928122,8.7708902
1991737556,53.0931378,8.770179
1991737561,53.0931584,8.7702981
1991737574,53.093224,8.7701788
1991737591,53.0936363,8.7692378
1991737604,53.0941288,8.7713677
1991737624,53.0945957,8.7721939
1991737689,53.0953321,8.7740685
1991737698,53.0953682,8.7739431
1991737702,53.0954083,8.7740545
1991737726,53.0955889,8.7744927
1991737740,53.0957684,8.7748104
1991737783,53.0963187,8.7726034
1992022344,53.0908889,8.7822723
1992022718,53.0934105,8.7776032
1992118848,53.0947885,8.7668569
1993172121,53.1028437,8.7863854
1994249249,53.0760238,8.8112453
1994249404,53.0770214,8.8099523
1994249457,53.0788539,8.8090796
1996314154,53.0804468,8.8120175
1996314167,53.0805183,8.8118773
1997773036,53.0827506,8.8820491
2000293782,53.1176428,8.9063884
2000293790,53.1179954,8.9070442
2000293891,53.1204712,8.9066271
2001379889,53.0771944,8.8720255
2001405806,53.0783501,8.8741657
2001615047,53.0525164,8.8213196
2001650130,53.0505842,8.893079
2003189919,53.0508275,8.8990189
2003424144,53.0311197,8.7456231
2003424147,53.0313732,8.7459887
2003801585,53.1195914,8.9075394
2003817662,53.0508532,8.8944337
2003817673,53.0530268,8.8944313
2004616408,53.1042463,8.7996205
2004616409,53.1043011,8.799771
2004616419,53.111844,8.7981534
2005131798,53.0350716,8.7349576
2005646084,53.107673,8.7963969
2005646087,53.1077496,8.7964232
2005646096,53.1088462,8.7975627
2005646100,53.1091826,8.7980724
2007032737,53.0308222,8.6593074
2007032746,53.033867,8.6238986
2007032751,53.0369326,8.6372105
2007032752,53.0371317,8.6383975
2010372514,53.1737233,8.7346916
2010391150,53.1791146,8.7332526
2010391169,53.1791682,8.7331969
2010395398,53.1792074,8.733352
2010403529,53.1772305,8.7346272
2010448210,53.1791444,8.7096735
2010449116,53.179012,8.7099055
2015826054,53.1788504,8.7095268
2016674150,53.0332207,8.6557416
2020239628,53.0543497,8.7835097
2020239664,53.0544522,8.7836878
2022022780,53.0522953,8.7883332
2024044615,53.031669,8.8089807
2024088053,53.0479596,8.8191006
2024088112,53.0483632,8.8192227
2024740971,53.0634097,8.8672445
2024871663,53.0742595,8.8759948
2024871675,53.074483,8.8762041
2024871695,53.0746514,8.8768007
2024871701,53.0747024,8.8773659
2026299191,53.0433406,8.6383542
2027164454,53.0949244,8.8092194
2029232959,53.0801392,8.8107785
2037171451,53.0966799,8.6875954
2037964117,53.0578662,8.9366515
2037964118,53.0579666,8.9349692
2045315160,53.0411517,8.810919
2046303784,53.0820316,8.9050626
2046459496,53.1233729,8.894564
2046459506,53.1234704,8.8941267
2046459529,53.1235587,8.8965565
2046459540,53.1236174,8.893733
2046459551,53.1237063,8.8919114
2046459565,53.1238221,8.8915704
2046459599,53.1239689,8.8912086
2046459621,53.1240673,8.9001809
2046459887,53.1253143,8.8975878
2046459891,53.1253168,8.8960429
2046459927,53.1253989,8.8919194
2046459948,53.1254616,8.895651
2046459953,53.1254683,8.8919915
2046459991,53.125749,8.8964261
2046460003,53.1258861,8.8960374
2046460008,53.126029,8.8974852
2046504582,53.1090452,8.8879247
2067294147,53.0357543,8.6927973
2067294149,53.0359477,8.691649
2071658699,53.0966318,8.7941942
2073742475,53.0748773,8.8048113
2073742485,53.0751541,8.8046754
2073742495,53.0754505,8.8044167
2073742499,53.0754791,8.8045301
2073742529,53.0757582,8.804311
2073742575,53.0763728,8.803939
2073742734,53.0767389,8.8035806
2073742745,53.0767863,8.8036931
2073742923,53.0773181,8.802787
2073742993,53.0775448,8.8024995
2073773765,53.0321076,8.7470594
2073773767,53.0322631,8.7424262
2074049412,53.0672404,8.7991693
2074049413,53.0678178,8.8000385
2074049414,53.0679638,8.7997627
2074388121,53.0357604,8.6903265
2074526745,53.0999957,8.7038782
2074526750,53.1000224,8.7037735
2074526919,53.1085884,8.7088354
2074527063,53.1102733,8.7080705
2075626199,53.0889969,8.7631894
2075689548,53.0646619,8.7733719
2075691150,53.075316,8.7839254
2077326590,53.0998463,8.8204433
2077448523,53.0692739,8.7781557
2077448881,53.0792898,8.7358612
2077448930,53.0796764,8.7370174
2077448938,53.0797686,8.7369377
2077449144,53.0812145,8.7539125
2077449148,53.0812855,8.7556014
2077449161,53.0812713,8.7554151
2077449192,53.081397,8.7533878
2077449231,53.0817909,8.7349609
2077449248,53.0818835,8.7348584
2077449271,53.083576,8.7500537
2077449272,53.0835792,8.7506393
2081654880,53.1653003,8.6896021
2081761421,53.0850444,8.7189809
2081761487,53.0858884,8.7168132
2085589797,53.0891323,8.7193034
2085664644,53.088067,8.7119817
2085664651,53.0878033,8.711376
2085693378,53.0855155,8.750124
2085708784,53.0913973,8.7435653
2085708813,53.09176,8.743098
2085714898,53.0874619,8.7466439
2085720009,53.0855104,8.748781
2085788823,53.0952617,8.7445332
2085898111,53.1610293,8.9228249
2085898115,53.1615072,8.9238186
2090175736,53.0817738,8.7576469
2094251189,53.0786845,8.7394388
2094251260,53.0797433,8.7634658
2094251916,53.0828007,8.7608035
2094252178,53.095997,8.7462012
2094856565,53.1688626,8.6306651
2099641840,53.0716519,8.8864653
2101920772,53.0591152,8.902161
2101920917,53.0593791,8.8978957
2101920989,53.0594691,8.9023689
2101921087,53.0595932,8.9143584
2101921442,53.0616151,8.8896043
2101921444,53.0617094,8.8896835
2111683966,53.0961007,8.8364777
2117185510,53.1003798,8.7939867
2120284494,53.057247,8.8830133
2120284514,53.0573588,8.882322
2120284733,53.0622703,8.8851567
2121370065,53.0779739,8.8059547
2124166318,53.038211,8.7118283
2124166381,53.0379102,8.7116816
2124196448,53.0552087,8.7293585
2124196465,53.0545411,8.7360773
2124524002,53.0460919,8.716926
2124524006,53.0444214,8.7149197
2125018719,53.0687566,8.8513654
2125744571,53.0985625,8.7817098
2126087720,53.0692741,8.8003026
2126087742,53.0843814,8.8375795
2126902743,53.0538349,8.708925
2127590822,53.0788335,8.8080388
2129373802,53.1629154,8.6572322
2129373819,53.1635933,8.6572754
2131135641,53.0811197,8.800774
2132479366,53.0549016,8.7246482
2137576273,53.0742972,8.869491
2137583938,53.0745529,8.8692541
2137583940,53.0744506,8.8691646
2137583943,53.0746846,8.8693794
2138729288,53.0631573,8.622492
2138730376,53.0633696,8.6228105
2141387161,53.0922551,8.8555119
2141392234,53.0579169,8.8969907
2141392282,53.0580229,8.8972232
2143325693,53.1241413,8.9001554
2143325704,53.125042,8.9000747
2144151257,53.0576419,8.7245522
2146089679,53.1302517,8.8989218
2146652098,53.1792938,8.7111297
2146652099,53.1793339,8.7112763
2146652102,53.1794774,8.7109445
2146652120,53.1794656,8.7112992
2148351787,53.0560658,8.7074934
2151211809,53.0390496,8.916068
2151211821,53.0391337,8.9324357
2151211850,53.0398324,8.9111609
2151212015,53.0433891,8.9009998
2151212066,53.0439837,8.9224916
2151212105,53.0443179,8.9223841
2156161695,53.1194415,8.7549375
2156161936,53.1272859,8.7460194
2156161945,53.1275383,8.74573
2156161959,53.1435604,8.7134307
2156161968,53.1436015,8.7134872
2156162091,53.1710905,8.685488
2156162103,53.1713041,8.6861504
2157360013,53.1347457,8.7385403
2157910485,53.1303122,8.7062747
2157910496,53.1303374,8.7061653
2157910807,53.1353005,8.7154039
2157910816,53.1353758,8.7155458
2157910834,53.1354683,8.7156856
2157910945,53.1375071,8.7048611
2157910962,53.1378576,8.7051559
2157910969,53.1384419,8.7055259
2157910976,53.1388224,8.7057086
2157911001,53.1394354,8.7008467
2157911010,53.139582,8.7015033
2157911018,53.1399141,8.7024233
2157911040,53.1401731,8.7028697
2157911261,53.143342,8.6912492
2157911290,53.1436022,8.6912778
2157911295,53.1436884,8.6913418
2157911297,53.1437235,8.6914799
2157911311,53.1438484,8.6909153
2157911316,53.1439493,8.6916622
2159547838,53.1036775,8.8664662
2159605475,53.1616939,8.6465925
2161242010,53.1285838,8.8950027
2161242017,53.1294694,8.8958834
2161675899,53.0557808,8.9128246
2164331964,53.1199048,8.7550232
2164352473,53.1199722,8.7554915
2165273489,53.0986766,8.8396372
2173432579,53.0449635,8.8443955
2177771260,53.1001397,8.6488928
2179117276,53.1352591,8.7289827
2191733041,53.0526031,8.8177893
2191733053,53.0526698,8.8178985
2191734492,53.0736744,8.7900327
2191734522,53.0739447,8.790369
2191734648,53.085109,8.8021267
2191734667,53.0852553,8.8020893
2191734747,53.098463,8.8708159
2191734870,53.1113728,8.8163796
2191734871,53.1114415,8.8163527
2191734877,53.1116831,8.816258
2191734880,53.1117076,8.8163533
2191734910,53.1120512,8.8208137
2192522606,53.0890561,8.9293871
2192522785,53.0926359,8.9288233
2194305392,53.0797336,8.8058584
2194305438,53.0809733,8.8010962
2195502207,53.0930779,8.906228
2195502370,53.0972792,8.9091732
2195502377,53.0974479,8.9095988
2195502380,53.0976408,8.9126247
2195502386,53.0977272,8.9129444
2195502393,53.0979012,8.9138082
2195502711,53.0997751,8.9155822
2200728500,53.0716414,8.939375
2200728543,53.0726196,8.927844
2200728750,53.0737975,8.936372
2210555719,53.0714995,8.9021336
2210555809,53.0719107,8.9020846
2212171298,53.0824562,8.8803464
2215440815,53.0670303,8.792548
2235480982,53.0587387,8.9141
2235480991,53.0586077,8.9148945
2235481001,53.0585834,8.9152325
2235481031,53.0588478,8.9166031
2241388219,53.1484663,8.9123389
2254571895,53.0989858,8.8024817
2254572083,53.103288,8.7873295
2255317064,53.0755655,8.7841637
2255317229,53.0763564,8.7784927
2261444118,53.1469623,8.7171527
2263329563,53.0579431,8.7578851
2264101904,53.0613429,8.770216
2267820910,53.0306157,8.8184823
2267820927,53.033956,8.8371825
2267820939,53.0352487,8.8287055
2267820945,53.035486,8.8441805
2267820982,53.108819,8.9090816
2267821419,53.1143261,8.8945927
2268938432,53.1042282,8.7979928
2268946593,53.0567403,8.8818536
2268946601,53.0567866,8.8812334
2268946611,53.0568651,8.8814511
2268946633,53.0570138,8.8817623
2268946642,53.0570414,8.8803942
2268946679,53.0572884,8.879931
2268946858,53.0719624,8.9201722
2268946863,53.0723591,8.9200749
2268946874,53.0860723,8.8968597
2268946936,53.1213966,8.9147687
2277885506,53.0388278,8.7285756
2277885620,53.0435388,8.7238345
2277885639,53.0441119,8.7226972
2277885643,53.0442051,8.7227276
2277885668,53.0455045,8.7193592
2277885686,53.04582,8.7185298
2277885702,53.0462884,8.7177504
2277885794,53.051686,8.7405747
2278077782,53.0486579,8.8942978
2278077786,53.048751,8.8941491
2279808300,53.0858354,8.7909634
2279808539,53.0926271,8.7769022
2279808580,53.0928179,8.7765364
2279808603,53.0928783,8.7764467
2279808610,53.0929471,8.7765733
2279810307,53.1098797,8.7633169
2279810635,53.1109482,8.7568647
2279811287,53.1221583,8.7573414
2285687157,53.0733558,8.8333285
2286609382,53.1022619,8.9211376
2287983226,53.1484624,8.9147741
2288798170,53.1652356,8.7522658
2289224450,53.1259475,8.897036
2289224452,53.1256816,8.8971704
2292264543,53.0526606,8.6325814
2292264597,53.0529456,8.6328911
2292264811,53.0543988,8.6428187
2292264883,53.054882,8.6406995
2292265138,53.0559276,8.6528713
2292265265,53.0564798,8.6538403
2292265441,53.0572763,8.6392164
2292266124,53.0587931,8.640452
2292266500,53.0616458,8.6343417
2292267460,53.0682156,8.6243581
2292267904,53.0778994,8.6426316
2293164279,53.0982494,8.7632936
2293164295,53.098704,8.7604276
2293164320,53.0991704,8.7593584
2293164328,53.0992526,8.7594977
2293164355,53.0999513,8.7563393
2293164414,53.1005498,8.7573416
2294598361,53.0728201,8.8301147
2297283570,53.0520613,8.9148184
2305021802,53.0744751,8.8259898
2305711540,53.037362,8.8382825
2309612301,53.0476982,8.8619544
2313659941,53.105333,8.87518
2314668274,53.065049,8.8790391
2314668299,53.0824773,8.8910855
2314668309,53.0862833,8.7974676
2315937678,53.0809847,8.8430848
2317546018,53.0576296,8.7282547
2317581070,53.0582998,8.7324461
2325737373,53.0951378,8.8200391
2325737958,53.0959655,8.8155587
2325738398,53.0965732,8.812728
2326284127,53.0454225,8.8489849
2327707817,53.0876849,8.9042664
2330993218,53.1422846,8.7252952
2330994019,53.1440116,8.7225387
2330999345,53.1544937,8.7033625
2332761468,53.0941964,8.772647
2333033426,53.03829,8.8529083
2333033427,53.0392446,8.8593093
2333033428,53.039346,8.8568423
2333033436,53.0436392,8.8604205
2333033444,53.0443097,8.8581124
2333033460,53.0461486,8.8530177
2334460313,53.0790958,8.8964171
2337971747,53.0865049,8.800626
2339855263,53.0367548,8.8523716
2339855264,53.0367616,8.8522455
2345776719,53.0854838,8.8707772
2352513995,53.0566336,8.9385895
2357941010,53.0386565,8.6369606
2357941011,53.0388337,8.636752
2358298954,53.1688681,8.6229452
2358298958,53.1693236,8.6229904
2358308808,53.1687536,8.6228891
2364133037,53.0571124,8.8817349
2368367616,53.0964726,8.8383782
2368376592,53.0942181,8.8372015
2378240409,53.0946316,8.843302
2378562517,53.0530337,8.7590662
2378562523,53.0532742,8.7602383
2379691972,53.0830924,8.8088285
2379691976,53.0831564,8.8087045
2379691995,53.0835032,8.8094116
2379691999,53.0837702,8.8096943
2381213955,53.0678457,8.8082596
2381595734,53.0523784,8.876532
2382732364,53.100528,8.7774921
2382732433,53.1008407,8.7765487
2382732457,53.1009516,8.777373
2382732518,53.1013211,8.7755181
2382732525,53.101373,8.776663
2382732997,53.1050343,8.7796965
2383400682,53.105028,8.7773643
2384875077,53.1067432,8.7802014
2385576388,53.1407614,8.7365092
2387100425,53.1029817,8.8787739
2387100426,53.1037716,8.8796501
2387100430,53.1026695,8.8784709
2388019325,53.0719639,8.8017104
2389027077,53.1140319,8.7688732
2390071144,53.0562267,8.7162821
2390071151,53.0564158,8.7149573
2390071152,53.0564248,8.715721
2390186788,53.050541,8.8874922
2390187018,53.1414763,8.7378045
2390187029,53.1418453,8.7369346
2390853198,53.1163959,8.8176813
2391065072,53.0768353,8.8168059
2396079348,53.044169,8.8464362
2396079351,53.0441969,8.8466089
2400616696,53.0914367,8.8555504
2403360625,53.0452092,8.863157
2407371868,53.1103205,8.7731219
2408993654,53.0882703,8.7508829
2409369267,53.1069701,8.7899543
2409687077,53.0851874,8.7374614
2410242833,53.0614938,8.6365662
2415805305,53.0740562,8.846669
2422977378,53.1736359,8.6990477
2424458583,53.0960492,8.7461083
2426991602,53.1564627,8.9212845
2427135139,53.1526547,8.9057243
2427138061,53.1568337,8.9197473
2427138362,53.1571691,8.9202511
2428610914,53.091424,8.8480595
2428714797,53.0899109,8.8482837
2430003237,53.0729097,8.8197798
2434612613,53.1372069,8.7375804
2435198425,53.0775638,8.9202367
2440380462,53.0780689,8.7627601
2446831318,53.1449868,8.7236906
2447288995,53.1214091,8.7527656
2462342137,53.0614979,8.7934697
2466026606,53.0319133,8.8832967
2466678109,53.0674797,8.7912934
2466982488,53.0715347,8.8864634
2466982492,53.0715662,8.88633
2466982527,53.0719516,8.8845329
2470170489,53.043641,8.8459962
2470959571,53.072269,8.7768524
2480708998,53.1163394,8.7515753
2485317376,53.1267747,8.756786
2485317406,53.1272096,8.756279
2485317484,53.1276827,8.7527497
2485317504,53.1277904,8.7571807
2485317516,53.1279253,8.7568792
2486337476,53.1168237,8.8113112
2486337533,53.1206334,8.7916011
2486337680,53.1225718,8.7827025
2486338164,53.1371512,8.7535937
2490138823,53.1748082,8.715023
2491570275,53.0998921,8.7877724
2491746300,53.0619706,8.8680577
2491746309,53.0642275,8.8695315
2491746311,53.064289,8.8695957
2491746312,53.0644251,8.8698032
2493097452,53.0452927,8.8509472
2493097455,53.0452906,8.8508244
2493097460,53.045324,8.8501955
2493097467,53.0453741,8.8509846
2493097469,53.0453671,8.8508637
2493723294,53.0668049,8.8027845
2493926762,53.0346795,8.624046
2493926820,53.033512,8.6227422
2493926855,53.0337687,8.6312065
2493926885,53.0340769,8.6234093
2493926893,53.0341194,8.6234571
2493927176,53.0371158,8.6309205
2493927180,53.0371755,8.6312963
2493927207,53.0373504,8.6315881
2493927309,53.0383209,8.6331704
2493927389,53.0390058,8.6351752
2493927460,53.040239,8.6284939
2493927491,53.04085,8.6304683
2493927714,53.0442066,8.6377574
2498349522,53.0548004,8.8265445
2498349619,53.0553944,8.8278248
2498496731,53.0619757,8.8687299
2498496783,53.0786516,8.8173177
2498496863,53.0863446,8.7903967
2499461066,53.0841383,8.7994819
2499461076,53.0954597,8.7953341
2499461077,53.0963109,8.7942389
2501042382,53.0484277,8.8185049
2501794915,53.0849377,8.8019074
2505578436,53.1742861,8.6538247
2505578438,53.1732134,8.6532407
2510267201,53.0843224,8.7497461
2510475649,53.0890726,8.7613271
2515798434,53.0378879,8.6970987
2515798456,53.0422039,8.6737897
2516085245,53.164041,8.7515555
2517123977,53.0570176,8.6465292
2520489664,53.1753056,8.6798747
2521748692,53.0493256,8.8457558
2523642604,53.0477952,8.7355105
2523642869,53.0512763,8.7432333
2523648344,53.0408665,8.9004506
2523648462,53.0664803,8.880581
2523648819,53.0959791,8.9019893
2523648925,53.1041408,8.8889324
2523648992,53.1070471,8.8879379
2528100933,53.169466,8.6549472
2528100936,53.1694777,8.6541446
2528100970,53.1697828,8.6538826
2528100972,53.1697862,8.6551118
2528100982,53.1698021,8.6545768
2528101036,53.1701116,8.6551796
2528101040,53.1701355,8.6545965
2533677957,53.0998021,8.8899425
2533678137,53.1038567,8.8973251
2533678144,53.1044892,8.8983481
2535645066,53.0636898,8.9278969
2543109122,53.031525,8.8092341
2549238221,53.0396691,8.814227
2549238222,53.0397533,8.8142646
2550225746,53.0445208,8.8226808
2550225747,53.044586,8.8227656
2550225748,53.0452088,8.8212141
2550225749,53.045263,8.8213053
2550225751,53.0465634,8.8187484
2558866099,53.0706811,8.8334133
2558866290,53.0842135,8.8249431
2559258221,53.0897386,8.8388787
2564743215,53.0351275,8.9096995
2566122878,53.0881311,8.8326522
2566497012,53.034269,8.8266096
2566497013,53.0342765,8.82722
2566497027,53.0380041,8.8509539
2569155745,53.0681679,8.9393233
2574881235,53.0619084,8.7739647
2576185478,53.0932696,8.8475463
2578907670,53.0851497,8.7988486
2578908123,53.0945742,8.7784589
2578908126,53.0946719,8.7783742
2580691736,53.0702958,8.8662463
2580692203,53.072384,8.8585461
2580692351,53.0727548,8.8569399
2580692396,53.072929,8.8558205
2580692473,53.0752503,8.8447773
2580692477,53.0753544,8.8441867
2580692489,53.0755657,8.8433945
2581150287,53.0453056,8.8522874
2581346390,53.0595303,8.8956434
2581633348,53.048566,8.8465325
2583014822,53.1028859,8.9104407
2583014850,53.104079,8.904314
2583015025,53.1140064,8.9027479
2583933439,53.1018117,8.8804268
2585411245,53.077674,8.9005044
2585411819,53.0789956,8.9003964
2585714647,53.1422792,8.9066689
2586409803,53.1471639,8.9117168
2590710231,53.0352848,8.8372781
2592593229,53.0518216,8.7885629
2592593233,53.0516761,8.7884021
2592593237,53.0514107,8.7887972
2605327121,53.0699454,8.6265948
2610998083,53.0580585,8.9164003
2610998092,53.0583099,8.9164869
2610998102,53.0581814,8.9154029
2610998147,53.0588385,8.9167991
2611111062,53.0588942,8.9153264
2611111063,53.0582166,8.9164393
2611111065,53.0588617,8.9163065
2611111071,53.0583058,8.9164131
2611111074,53.0590499,8.916328
2611111088,53.0590935,8.9153463
2612736690,53.0921416,8.7941038
2613419383,53.0479329,8.6208365
2613419387,53.0481275,8.6203432
2614898426,53.1220284,8.7519267
2614898437,53.1220767,8.7520308
2614898502,53.1224094,8.7523977
2614898764,53.1231091,8.7508029
2614898877,53.1233574,8.75051
2616796094,53.1782603,8.631875
2618074480,53.077915,8.7819597
2631839351,53.1395615,8.725267
2631839355,53.1398242,8.7255187
2631860547,53.1015433,8.7681093
2632976941,53.1290142,8.7440265
2632976950,53.1292729,8.7437293
2635562220,53.1725547,8.7270205
2635562745,53.1768084,8.7324089
2656721432,53.1729654,8.9010289
2656721447,53.1731445,8.9002913
2663995978,53.0730198,8.6236849
2663995989,53.0729058,8.6248491
2664692969,53.0324848,8.6981329
2664911343,53.035281,8.6940662
2669647863,53.1099835,8.8854051
2669647868,53.110159,8.8856442
2669647870,53.1103859,8.8832339
2669647882,53.1106693,8.8834237
2678047960,53.0583276,8.8104141
2678047965,53.0618805,8.8016421
2681187410,53.068213,8.8000954
2690687575,53.1711274,8.696424
2692745835,53.0428845,8.8643143
2695471921,53.0480407,8.8447392
2695471949,53.0482788,8.8327864
2695472064,53.0498772,8.8350955
2695472195,53.0511017,8.8409561
2705442478,53.0454233,8.863833
2706688770,53.1627404,8.939113
2716215823,53.0471933,8.6288561
2716215826,53.047299,8.6286079
2716215837,53.0473819,8.6283063
2716215853,53.0477641,8.6268599
2718203112,53.057281,8.6279278
2718203344,53.059188,8.6294248
2718828039,53.0766448,8.7647907
2718828046,53.0771601,8.7652196
2718828047,53.0771895,8.7635992
2718828056,53.0775087,8.7650018
2720179090,53.0803015,8.773673
2723838825,53.1322577,8.7386073
2723839091,53.1335068,8.7223511
2724457273,53.1029579,8.918486
2724457831,53.108203,8.9037454
2724457846,53.108302,8.9034177
2724457854,53.1084212,8.9041227
2724457872,53.1085815,8.9036611
2724457916,53.1088959,8.9043245
2724457921,53.1090056,8.9037745
2724457936,53.1091076,8.9039294
2724457947,53.1091569,8.9035043
2724457967,53.1092295,8.905064
2724457972,53.1092439,8.9041363
2724458033,53.1094073,8.903826
2724458053,53.1094788,8.904493
2724458066,53.1095107,8.9045414
2724458095,53.1096384,8.9041849
2724458113,53.1097015,8.9048302
2724458141,53.1098637,8.9045457
2724458147,53.1099334,8.9051691
2724458149,53.1099614,8.9052125
2724458169,53.1100683,8.9063585
2724458178,53.1100927,8.9048658
2724458204,53.1101937,8.9054607
2724458235,53.110338,8.9051986
2724458260,53.1103897,8.9057524
2724458276,53.1104301,8.9058126
2724458309,53.1105808,8.9055244
2724458316,53.1106744,8.9061763
2724458328,53.1108033,8.905926
2724458333,53.1108524,8.9064413
2730363030,53.0601028,8.7561542
2730363180,53.0636368,8.7566955
2730363203,53.064179,8.7586514
2730365355,53.0911565,8.7562412
2743663803,53.1093888,8.7060813
2743664011,53.1095662,8.7058363
2743664167,53.1096208,8.7057582
2743664560,53.1098271,8.7053499
2743665597,53.1107886,8.7042018
2751070344,53.0404344,8.9238129
2751070376,53.0412048,8.9187171
2752559695,53.0857246,8.7825699
2757123617,53.1628283,8.7400019
2771465385,53.1650947,8.6632987
2777348048,53.0834862,8.7826991
2777348052,53.0852915,8.782478
2794980877,53.1146532,8.828802
2794981207,53.1151502,8.8275893
2819466462,53.1375221,8.7404281
2821141020,53.0344428,8.8398878
2830260198,53.0338032,8.8393861
2833244981,53.1036538,8.8882759
2840960903,53.1755576,8.6420606
2840960929,53.1758853,8.6422545
2842150469,53.056482,8.7764259
2842151430,53.0596066,8.7818212
2842342313,53.0405721,8.8246709
2842342317,53.0405946,8.8245889
2843962291,53.0398416,8.8193244
2850608028,53.0947254,8.862037
2851367105,53.1732918,8.7008994
2851367106,53.1728139,8.7002072
2851367107,53.1731487,8.7014841
2851367108,53.1726727,8.700777
2851367109,53.1737355,8.7003683
2851367110,53.1734849,8.6992425
2851608124,53.0710524,8.8826441
2852729422,53.077771,8.8918892
2853675536,53.0403218,8.8594826
2853675537,53.0413885,8.859914
2853675539,53.0425185,8.8603483
2858142234,53.0521701,8.7084169
2858161062,53.0944878,8.7493644
2859950635,53.1704678,8.6552609
2860573407,53.0495081,8.7659756
2877474522,53.0745245,8.8690129
2892038942,53.1540252,8.9078343
2892217243,53.17386,8.9013342
2897309743,53.0468051,8.7321491
2897314754,53.1114381,8.8198353
2901505361,53.1475775,8.7121287
2901505370,53.1476215,8.7192901
2902055028,53.1422345,8.7117805
2902055542,53.1446867,8.7086757
2902057033,53.1545127,8.7122294
2902057131,53.1561879,8.7125947
2902057173,53.1565031,8.7148339
2904805132,53.1723955,8.6827509
2904805142,53.1724575,8.6827357
2904805450,53.1769301,8.6853752
2908345063,53.1305137,8.8813033
2913600414,53.1412688,8.9005501
2913600439,53.141633,8.8999167
2913600441,53.1416699,8.9010165
2913600462,53.1419857,8.9004589
2913600466,53.1420451,8.9015438
2913600472,53.1421861,8.898941
2913600497,53.1425511,8.9004694
2913600710,53.1427294,8.8997084
2914884205,53.1530678,8.9204315
2914884229,53.1534886,8.921537
2914884247,53.1539852,8.9293216
2914884255,53.1542136,8.9387698
2914884266,53.1543139,8.9274825
2914926476,53.1545795,8.9381706
2914926478,53.1545192,8.9392383
2916461689,53.104654,8.8653482
2921075571,53.0604736,8.8067878
2938519157,53.144439,8.9097859
2938519158,53.1449421,8.9098844
2938519163,53.1450549,8.9099052
2944683327,53.0999137,8.760592
2946484674,53.0715457,8.8625012
2948687773,53.1118968,8.7780489
2948716489,53.108647,8.7510497
2951616059,53.1286908,8.7290793
2963368870,53.0900571,8.7473655
2963370052,53.0911686,8.7532544
2963370131,53.091273,8.7485672
2963452845,53.112752,8.8546962
2965358887,53.1012971,8.8735691
2965359711,53.0770312,8.9014726
2965369479,53.0751064,8.9017663
2965413400,53.0840343,8.8202442
2966938862,53.1560466,8.713956
2967365089,53.1164793,8.9057076
2969303275,53.0365654,8.8406353
2969606943,53.1164944,8.818849
2969606980,53.0311723,8.6567803
2969606987,53.038544,8.885814
2969607011,53.0821663,8.9037332
2972872684,53.037313,8.8284195
2972872685,53.0382919,8.8298112
2972872686,53.0389015,8.828385
2972890460,53.0369193,8.8461261
2972890463,53.0381487,8.8447885
2972897153,53.0379087,8.8401852
2976231705,53.0465927,8.8566474
2976231707,53.0468063,8.8565321
2976343560,53.0859503,8.8315631
2976343563,53.0856725,8.8304718
2976343564,53.0856551,8.8304026
2982393637,53.0479833,8.6445151
2985729234,53.0711178,8.8337427
2989540577,53.0310578,8.8447719
2991079268,53.0583532,8.8178302
2991421873,53.1474948,8.9125153
2993260354,53.1651896,8.9160808
2993479661,53.0502373,8.8145119
2993479663,53.0504838,8.8136121
2993479667,53.0523292,8.8156917
3001116775,53.1013069,8.7628955
3001116776,53.1012022,8.7584403
3001116816,53.1037542,8.7562266
3001356996,53.0954578,8.7480869
3001461019,53.0764264,8.8551768
3002134067,53.0502512,8.847562
3002461817,53.0488681,8.9196191
3002461823,53.0498082,8.9200588
3002462333,53.0533892,8.9215327
3007629975,53.0384024,8.7398068
3007629984,53.038952,8.7402351
3010425733,53.1017555,8.7550602
3010425734,53.1018396,8.7551946
3011147675,53.0576117,8.8660244
3021137888,53.0787852,8.8251241
3039912705,53.073927,8.7875423
3043846353,53.0790766,8.8248006
3049649745,53.0611376,8.7554924
3049649885,53.0622492,8.7544792
3049650001,53.0633641,8.7539039
3049650856,53.0937962,8.7450988
3054516855,53.165449,8.6851574
3054516876,53.1656769,8.6841065
3054516915,53.1688664,8.6230521
3054638213,53.1634206,8.7059731
3054638243,53.164422,8.7093115
3056172061,53.0330557,8.8252833
3056172127,53.0452638,8.7225944
3056172350,53.0459851,8.7210739
3056172421,53.0511434,8.7157967
3056172565,53.0545047,8.7376297
3056806999,53.1348497,8.8944071
3058217128,53.1680293,8.6942074
3060087916,53.0898481,8.9109102
3060087924,53.0933973,8.9042839
3060088477,53.1115053,8.8999983
3063163890,53.0852188,8.8790281
3072541816,53.111577,8.8091878
3072923785,53.0514231,8.6564943
3072950333,53.0341136,8.6525943
3072950335,53.0333378,8.6534204
3079085891,53.1024846,8.766052
3079458827,53.0966307,8.7950716
3079458830,53.0981618,8.7956886
3082133368,53.1171382,8.8118523
3082322079,53.1132729,8.8599934
3083742958,53.053396,8.7462575
3083750447,53.0625464,8.7730736
3083812052,53.1428809,8.7369152
3093444452,53.0577953,8.8828887
3093743555,53.0435626,8.6412836
3096591804,53.073798,8.8725744
3097146612,53.0602539,8.8042485
3097622625,53.0724683,8.8081153
3104034793,53.0885041,8.8093587
3106003680,53.0354668,8.8221081
3106003689,53.0485015,8.8940745
3106005429,53.0504927,8.7382193
3106005460,53.0510365,8.7325743
3106005462,53.0510598,8.7356901
3106005634,53.1653011,8.6402545
3106005639,53.1659591,8.6407412
3106019006,53.0992236,8.8234423
3106058957,53.0895009,8.811592
3116159074,53.0516498,8.6243312
3118426455,53.0912485,8.8124923
3118426514,53.093962,8.8091261
3128422180,53.0413154,8.7223089
3128422786,53.0439235,8.7285291
3128423024,53.0445335,8.7242896
3128423306,53.0452644,8.7302641
3128423668,53.0458751,8.731412
3128425660,53.0546645,8.7335143
3129251808,53.0375882,8.7255174
3129254241,53.0481187,8.7324118
3129254255,53.0481734,8.7324078
3129254342,53.0487059,8.7323913
3130217291,53.0425903,8.7393326
3130971055,53.0796413,8.812074
3131006163,53.105382,8.8534176
3132229560,53.0414462,8.7252425
3132309565,53.0589267,8.7440257
3139324834,53.081323,8.7961827
3141099316,53.0966935,8.6877117
3141099317,53.0969931,8.6876074
3142138198,53.179509,8.7110926
3142370846,53.0444002,8.8505406
3142805675,53.0587654,8.7296281
3144529526,53.030694,8.8221232
3144530370,53.0328835,8.8276145
3144530371,53.0328677,8.8176506
3144530372,53.0329785,8.817281
3144530378,53.0334009,8.8180573
3144530379,53.0335028,8.8177045
3144530397,53.043371,8.8238677
3147294234,53.1673656,8.7080749
3151825153,53.0403197,8.9167827
3151841154,53.0883847,8.8998739
3154427931,53.0786534,8.8969345
3154427932,53.0952468,8.8391961
3155046675,53.1162516,8.8977997
3156781669,53.0486964,8.8277644
3158174787,53.0910644,8.8985449
3158360729,53.0698158,8.9360651
3158692585,53.041219,8.8109361
3158705175,53.0303113,8.7446328
3158705176,53.0306079,8.7508514
3158705178,53.0337272,8.7274838
3172599780,53.0805384,8.7803605
3172758823,53.0609277,8.8530273
3173245648,53.096352,8.7116615
3173268449,53.1663722,8.6875341
3173268450,53.1672024,8.6873321
3173305216,53.1043272,8.8649617
3187343579,53.0501995,8.6303051
3188765466,53.1724106,8.7010724
3189046535,53.1760919,8.6655926
3189219968,53.0301185,8.6436297
3189219970,53.0303236,8.6437374
3189219973,53.0319655,8.6393547
3189270288,53.0309321,8.6438062
3193687647,53.0455718,8.9102798
3193687648,53.0455847,8.9110809
3197026108,53.1013878,8.900151
3197283108,53.0423491,8.8425682
3201530159,53.1459258,8.9022826
3205547798,53.0785555,8.8087589
3207469528,53.0394334,8.8504488
3207469559,53.0421619,8.8504496
3213119178,53.0894031,8.901048
3214253570,53.0342663,8.8283617
3214253574,53.0342852,8.8288646
3218125311,53.0357621,8.7078141
3218190913,53.040536,8.676069
3218953841,53.1080826,8.8767341
3221838048,53.0361912,8.8281204
3225545541,53.078782,8.8092565
3231186183,53.0346903,8.8415234
3231186185,53.034813,8.8417004
3231394588,53.096931,8.6874848
3235928256,53.0741953,8.8224265
3239108201,53.0785754,8.8169567
3239108217,53.0778502,8.8186708
3239108219,53.0777396,8.8181568
3239236252,53.10089,8.8557916
3239350851,53.0801544,8.8283198
3244558458,53.0817296,8.734776
3244668141,53.1293934,8.7269432
3247875247,53.0849041,8.8047475
3247878879,53.0856554,8.8031084
3250012827,53.0322757,8.6614812
3250012831,53.0325242,8.6619288
3250012835,53.0327321,8.6617746
3250012836,53.0327864,8.6623192
3250012840,53.0329497,8.6612685
3250012843,53.033103,8.6626674
3250030185,53.0683564,8.9378576
3250158143,53.0856983,8.8743764
3250960736,53.0790912,8.824722
3251167785,53.0624008,8.8681587
3252518393,53.0721225,8.8851295
3259833864,53.0573221,8.655703
3259833869,53.0568925,8.6548105
3290268351,53.0759985,8.8573468
3295714526,53.0540728,8.8014999
3295714538,53.0555561,8.7987575
3295714541,53.0591391,8.7931999
3295714545,53.0598558,8.7921935
3295714547,53.0622667,8.7887624
3296545267,53.0812504,8.848383
3296632419,53.1138782,8.8112346
3296727132,53.1093615,8.8052067
3296733850,53.1103738,8.8070035
3296733851,53.110826,8.8078288
3302868927,53.1651555,8.6874068
3302869621,53.1667212,8.6802412
3305132779,53.1728896,8.6572551
3305133195,53.1741372,8.6610163
3306783889,53.1653931,8.6650383
3311179655,53.0611189,8.7722236
3327402491,53.0739999,8.868862
3340531745,53.0396774,8.9313957
3350208105,53.174057,8.697085
3352606321,53.0413126,8.8415053
3356952771,53.0686724,8.8714136
3356952772,53.0723315,8.8092588
3357118027,53.0690272,8.8038946
3357118058,53.0740254,8.8058438
3358893810,53.0752479,8.7913267
3360265001,53.0916876,8.7911461
3365672701,53.1213558,8.7341583
3365712813,53.1738682,8.6783046
3369363228,53.0928137,8.7804386
3370025544,53.1724089,8.6630755
3371126292,53.1781403,8.6228976
3371126590,53.1785954,8.6274934
3375818464,53.0786835,8.8248899
3380105826,53.0639649,8.7710164
3380389601,53.0769431,8.8185742
3386889270,53.1112974,8.8136895
3391533328,53.0509208,8.8363906
3391533338,53.0509496,8.837481
3393338967,53.0332177,8.8540143
3395398640,53.0381049,8.886047
3400515435,53.0751593,8.6339083
3406187341,53.1229447,8.8940832
3406187357,53.1240976,8.8924046
3406187358,53.1242322,8.8919581
3406187359,53.1243714,8.8915163
3412658049,53.0830567,8.9102803
3445467762,53.1262642,8.896414
3445467763,53.126516,8.8966612
3465607544,53.0897072,8.9320107
3473845490,53.058766,8.7920349
3474270690,53.1739312,8.7393261
3476417830,53.1590769,8.9362405
3476417838,53.1596117,8.9352644
3476417868,53.1610211,8.9362637
3498788942,53.1577854,8.9183836
3519191147,53.0343941,8.7108001
3528463197,53.0342297,8.7103131
3528463202,53.034277,8.7102745
3541479101,53.1639004,8.929341
3541479102,53.1634447,8.9284055
3541479104,53.163335,8.9287993
3541479106,53.163184,8.9294905
3548604832,53.1294869,8.7539686
3565705801,53.0358094,8.7336205
3611723395,53.1755579,8.6731901
3611723854,53.1798147,8.6799894
3627080696,53.1020008,8.9135617
3627082086,53.1172438,8.9177027
3627082229,53.1178833,8.9186876
3634177055,53.1788996,8.7118558
3638016480,53.0845625,8.8861648
3645629785,53.1631049,8.9395105
3645629786,53.1634418,8.9398868
3653502590,53.096973,8.9086921
3653513414,53.1083273,8.9032188
3656504422,53.0983302,8.8881448
3657036939,53.0738136,8.7824393
3662174133,53.1685093,8.6322037
3668772272,53.1402462,8.9115048
3682999249,53.0513991,8.7401261
3682999250,53.0514193,8.7401668
3697441512,53.0315226,8.7335026
3702589529,53.0314255,8.6665759
3711618679,53.0979798,8.6458546
3716358772,53.1505198,8.9168481
3727485066,53.0642141,8.779564
3728745535,53.1500255,8.9128101
3728745536,53.1498285,8.912629
3728745561,53.1505146,8.9111686
3728745562,53.1508033,8.9105825
3733416819,53.1435291,8.9067578
3733417120,53.1457013,8.9100751
3733417144,53.1457881,8.9080248
3739792252,53.0894829,8.7927117
3739792272,53.1003054,8.7869491
3739792273,53.1004807,8.7697969
3747552645,53.0559153,8.6724554
3749963436,53.0508699,8.770725
3749963438,53.0517417,8.7630769
3749963441,53.0520956,8.7624026
3749963470,53.0548823,8.7691152
3750860316,53.0313399,8.7418936
3754716350,53.0525673,8.6707787
3756739388,53.1444733,8.7377373
3757631730,53.0328972,8.9006303
3757631755,53.0438935,8.864893
3757631757,53.0447138,8.8647343
3758344881,53.0609744,8.8524
3759223603,53.0318732,8.7420355
3759223617,53.0320522,8.7424635
3769889274,53.1636123,8.6582804
3769889282,53.1640006,8.6566118
3769889283,53.1640084,8.6573566
3769889351,53.1645184,8.6565876
3769889353,53.16453,8.6573723
3769889424,53.1648289,8.6565725
3769889425,53.1648394,8.657367
3769889461,53.1651376,8.6573771
3802175290,53.0577539,8.9390896
3808546123,53.15381,8.9156926
3808546137,53.1540085,8.9161106
3808546173,53.1548725,8.9170463
3808546180,53.1551272,8.9167299
3809380614,53.1492751,8.9139867
3825522824,53.0418921,8.6431696
3830124549,53.1248058,8.8959868
3845539615,53.0586338,8.7922218
3868051159,53.0623483,8.6341208
3868051166,53.0627363,8.6350422
3882752168,53.0714819,8.6204416
3882752171,53.0717866,8.6219174
3896845275,53.1589827,8.9084185
3896845276,53.1592287,8.9083048
3900119965,53.1572113,8.9057078
3900119966,53.1576022,8.9069582
3900119967,53.1582897,8.9078558
3900119970,53.1586877,8.9084547
3903464676,53.1509678,8.9127798
3903464678,53.1511599,8.9130217
3952612477,53.1356043,8.9134793
3952642186,53.1370679,8.9118363
3952642224,53.1371707,8.9117258
3977903947,53.1332518,8.9128829
3977907307,53.1459679,8.9154748
3977907784,53.1478225,8.9183412
3977908052,53.1480879,8.9189446
3977908674,53.1486348,8.9138973
3977908678,53.1486395,8.9135903
3977908725,53.148791,8.9141025
3977909325,53.1512682,8.9223552
3977909368,53.1514803,8.9202562
3977909377,53.1515233,8.919952
3982949006,53.1501815,8.9083352
3982949313,53.1512993,8.9122409
3982949357,53.1514714,8.9118907
3983183183,53.1492503,8.9081848
3983183188,53.1492977,8.9093428
3983183908,53.1544606,8.9067546
3983184091,53.1546604,8.9025239
3986837892,53.1542557,8.9160817
3986837893,53.1543571,8.9158161
3987177752,53.1576317,8.918617
3991416464,53.1551538,8.9336522
4030517690,53.1703997,8.9000779
4030518095,53.1738194,8.9097869
4030518238,53.1748028,8.9082115
4030518272,53.1750073,8.9170718
4030518446,53.175973,8.9283579
4030518617,53.177657,8.9170301
4032251397,53.1757721,8.750067
4032251420,53.1763307,8.750671
4078804682,53.074511,8.628621
4079969849,53.0790491,8.6280284
4097071584,53.0688326,8.6415945
4097071596,53.0688624,8.6406463
4097071766,53.0693188,8.6418699
4097071772,53.0693968,8.6409077
4097071854,53.0696904,8.6424562
4097238083,53.0667623,8.6325052
4116889052,53.0336171,8.6209495
4116889063,53.0338484,8.6209451
4116889073,53.0339203,8.6211839
4117060615,53.0347034,8.6310226
4128239939,53.0615563,8.6386319
4128240515,53.0624931,8.6390567
4172905927,53.0557014,8.6317082
4172905928,53.0557123,8.6318283
4339605446,53.0679294,8.6387007
4339605469,53.0699918,8.6357948
4353437166,53.1769618,8.6776585
4354460497,53.1763081,8.6783081
4358441899,53.1770962,8.6782408
4363074002,53.1758821,8.6794658
4396541115,53.0877872,8.7535734
4462963163,53.0991443,8.6446312
4484771453,53.1547802,8.7182971
4484771455,53.1541407,8.7190857
4514526399,53.0661573,8.634039
4514526401,53.0659348,8.6342826
4514526402,53.0655963,8.633573
4514526405,53.0658569,8.6332162
4567454218,53.0728331,8.7886623
4567454219,53.0730308,8.7890064
4571778513,53.0470355,8.8627281
4571778514,53.0466642,8.8608085
4635226535,53.0610753,8.7550702
4638813596,53.0305166,8.6468283
4678272588,53.1789522,8.7118265
4685395421,53.1544494,8.9136545
4701710453,53.0309959,8.6668605
4742974872,53.1517888,8.9094078
4742974873,53.1521952,8.9087482
4742974874,53.1520092,8.9098129
4742974875,53.1524476,8.9091196
4773547090,53.1295054,8.8945157
4782314179,53.1754303,8.6660059
4784197377,53.1297989,8.8951537
4784197378,53.1300831,8.8954155
4784197380,53.129542,8.896827
4790443795,53.0597669,8.8140595
4790444350,53.0623182,8.7983853
4819848417,53.1569407,8.9079908
4819848419,53.1559936,8.9094487
4819848420,53.1564905,8.9101477
4819848721,53.1550819,8.9109545
4819848725,53.1561023,8.9110163
4846519481,53.0839056,8.7993284
4848102521,53.0849194,8.8020901
4848102522,53.0850649,8.8020685
4848102523,53.0851139,8.8020612
4870534585,53.082425,8.8539254
4870534589,53.0823721,8.8538641
4875040448,53.1538336,8.9095326
4959142743,53.1029804,8.8921087
4963714332,53.1023974,8.7539867
4963714333,53.1024854,8.7541301
4963714335,53.1029132,8.7531202
5007755147,53.1556843,8.9232029
5007755148,53.156063,8.9227456
5007755150,53.1558133,8.9222565
5007755705,53.1564166,8.922312
5007755706,53.1561427,8.9217612
5039327655,53.1031316,8.755206
5084455714,53.0462222,8.8595905
5141836307,53.1722968,8.6260264
5189153587,53.1561044,8.7036163
5262182346,53.1022635,8.8896677
5275562470,53.1015647,8.8933633
5342280480,53.1763651,8.7380193
5342280482,53.1770352,8.7405281
5345727718,53.0942222,8.7881224
5469438267,53.0313883,8.9036203
5469438268,53.0313077,8.9035781
5469438271,53.030303,8.9083041
5469438273,53.0303854,8.9083498
5484665335,53.1041246,8.8850103
5520752635,53.1530767,8.9295799
5586563333,53.1618265,8.6473935
5593294539,53.0376937,8.7129488
5747519205,53.1649143,8.6416852
5906874464,53.1601092,8.7096385
5983850083,53.0868796,8.9378576
6018231487,53.1709031,8.6864261
6072470658,53.0388243,8.6688625
6072470662,53.0389787,8.6689421
6072470663,53.0390791,8.6689938
6072470669,53.0401403,8.6695407
6201527309,53.0646922,8.6304501
6239544211,53.0986932,8.7997454
6239544212,53.0986815,8.7996271
6239544213,53.0986352,8.7996905
6270006732,53.0861252,8.7844452
6284712840,53.1018717,8.7531333
6284712843,53.1012397,8.7541957
6287002530,53.1752484,8.6816452
6288976427,53.0675064,8.6393592
6291361218,53.0454392,8.6320851
6316294894,53.1582372,8.9387217
6316294896,53.1588951,8.9396428
6421755285,53.0945518,8.8035171
6421755286,53.094566,8.8027579
6463728247,53.0378409,8.7499271
6513250568,53.1537169,8.9304076
6516960955,53.1030014,8.7532392
6605262975,53.0383557,8.6706945
6605270119,53.039438,8.6707394
6688485368,53.0521298,8.8363698
6688485377,53.0529755,8.8367023
6688485379,53.0520498,8.8380807
6688485381,53.0533417,8.8387654
6688504092,53.0545518,8.836015
6688504093,53.0538955,8.8358552
6762902109,53.0681649,8.6299632
6841720210,53.0405587,8.6628132
6865183123,53.097981,8.7272271
6868604492,53.0395354,8.6779345
6979825465,53.0592646,8.7929513
7006084689,53.0683666,8.6209208
7030651859,53.0850353,8.6500384
7030651861,53.0856403,8.6496053
7030651862,53.0852068,8.6499122
7030651865,53.0856098,8.6503312
7054693965,53.0314689,8.6272848
7086149506,53.0826429,8.7367981
7102023271,53.1670538,8.7080024
7129330569,53.0573532,8.6284096
7129330573,53.0574814,8.6285124
7280569084,53.0530094,8.8365126
7280576388,53.0521165,8.8365815
7331303028,53.1644191,8.6414597
7334961697,53.0632215,8.8993181
7334961698,53.0632369,8.8992494
7392983686,53.0591139,8.9172522
7402164568,53.0680952,8.9392663
7438613185,53.0918688,8.7937231
7441389669,53.0844109,8.6467462
7441389670,53.0842664,8.6466031
7441389681,53.0850636,8.6492728
7444831687,53.070827,8.9303716
7453790073,53.0994771,8.7678538
7482793388,53.0997988,8.6437411
7504505952,53.1291705,8.6593604
7581098906,53.0369639,8.7361325
7600877703,53.0322361,8.7293927
7619469476,53.0372059,8.8220578
7674475597,53.0865217,8.7836446
7928607406,53.0466207,8.7354237
7928607407,53.0474577,8.7352039
7999561661,53.0853827,8.8876921
8115311510,53.1620338,8.656668
8115311514,53.1629712,8.6565366
8189692059,53.05244,8.9157944
8194050184,53.0713498,8.9246353
8229840702,53.1664672,8.7080106
8234769774,53.0509063,8.8362229
8235540339,53.0723476,8.77017
8341393520,53.1195598,8.9017716
8429394453,53.1656014,8.6388097
8433844187,53.1117738,8.9040508
8441207948,53.1652275,8.6405266
8493293650,53.0737596,8.8327712
8532168822,53.03996,8.6722402
8532168823,53.03962,8.6720742
8532168824,53.0398665,8.6730409
8532168827,53.0396809,8.6713328
8569289856,53.1450066,8.6922963
8595855985,53.0747309,8.6391499
8595855986,53.0747074,8.6386647
8617416493,53.0890001,8.9329778
8640793087,53.1359324,8.7298861
8640793088,53.136095,8.73002
8640793109,53.1344496,8.7363368
8662991792,53.084226,8.8002432
8734719638,53.1543933,8.7189469
8734719639,53.154351,8.718589
8825632082,53.0324396,8.7000318
8841919996,53.0711745,8.9278212
8841939482,53.0704522,8.9259672
8988279560,53.0921229,8.7996793
9029426391,53.0825907,8.9104956
9035920319,53.0825129,8.8539704
9035920321,53.0822699,8.8541486
9035920322,53.0825851,8.8539592
9035920324,53.0824527,8.8542157
9035920325,53.0823794,8.85417
9035920330,53.0821976,8.8541482
9054453946,53.0596286,8.9174286
9130217713,53.1034853,8.7854456
9184019222,53.0966461,8.6872187
9208071122,53.1212738,8.787201
9216371259,53.1670858,8.6648172
9216376506,53.1654762,8.6660148
9369915258,53.0509182,8.6417131
9376481041,53.098589,8.7817654
9397656891,53.0542054,8.8391502
9402077423,53.1784777,8.6371651
9421322274,53.1757135,8.6298392
9422611960,53.1743508,8.6220703
9442450294,53.1518475,8.9189846
9496544464,53.1680374,8.6336446
9500836077,53.1698336,8.9295259
9502208923,53.1371516,8.7534763
9556248043,53.1556435,8.9146463
9556248046,53.156329,8.9139751
9556538443,53.1273526,8.7581598
9556538446,53.1274799,8.7578749
9556563761,53.1461952,8.6814762
9571286645,53.0529527,8.9074446
9590111053,53.0548454,8.6321658
9590302969,53.0343628,8.6503751
9590302970,53.0339673,8.6498019
9607408520,53.1647123,8.6416802
9607408521,53.1646944,8.6417464
9624194184,53.054983,8.646302
9671808796,53.100944,8.805827
9671811847,53.1013173,8.8045388
9687932509,53.1044481,8.755206
9705910988,53.038868,8.6705788
9705911410,53.0390189,8.6705756
9828625306,53.0940599,8.7818675
9857637329,53.0569262,8.6612603
9879308298,53.1305191,8.7516826
9879308310,53.1304805,8.7515429
9879313319,53.1294272,8.7538803
9887515237,53.179903,8.771475
9897127952,53.0348573,8.8879019
9897127953,53.0346316,8.8881723
9909793173,53.1037382,8.8663271
9909793174,53.1046383,8.8672107
9964141483,53.0832075,8.7864072
9988523264,53.1014267,8.8027365
9995235122,53.1032124,8.7915476
9995253175,53.1028501,8.7976162
9996936048,53.1030969,8.7955401
9997041891,53.1029873,8.7955239
10002467377,53.1029749,8.8646235
10002539419,53.1059595,8.8616376
10002559794,53.0888644,8.7884784
10002567116,53.0946742,8.8184498
10002586214,53.07808,8.7549021
10017932526,53.09947,8.9166261
10169263388,53.1716636,8.9382583
10169263389,53.1712793,8.9369852
10169263390,53.1707805,8.9392274
10169263395,53.1701609,8.9374508
10169443328,53.1309312,8.9115017
10170000423,53.1533728,8.9216522
10170000445,53.1539216,8.9232249
10170000446,53.1538306,8.9232708
10170128607,53.1541325,8.9156434
10170128608,53.1541784,8.9157348
10170128609,53.1542369,8.9156846
10170137940,53.1547663,8.9163566
10170137945,53.1546507,8.9164655
10170137951,53.1546718,8.9162237
10170137972,53.1536778,8.9194369
10170137973,53.1537247,8.9191007
10173817987,53.1495444,8.916511
10173817992,53.1503974,8.9173227
10173847219,53.1515965,8.9178044
10173847222,53.1515686,8.9179469
10173897687,53.1473398,8.9104199
10173897690,53.1467989,8.910937
10174015958,53.1456909,8.902307
10174015962,53.1459386,8.9026346
10174015975,53.1459882,8.9029244
10174028725,53.1423738,8.9029303
10178234724,53.1357374,8.898661
10178234725,53.1356672,8.8986401
10178234733,53.1357286,8.8983903
10178234743,53.1356876,8.8984222
10178234746,53.1356825,8.898326
10178234824,53.1392274,8.9031939
10178234937,53.1412358,8.9078036
10178234943,53.1419108,8.9081177
10178234974,53.1430073,8.9084755
10178235047,53.1433798,8.9091924
10178235072,53.1438619,8.9097062
10178235084,53.1449827,8.9070995
10178235099,53.1449917,8.9100303
10181056791,53.1146212,8.7501013
10186595120,53.0938591,8.9267079
10197418297,53.1653191,8.9165942
10197442331,53.1628486,8.9255989
10197442374,53.1615385,8.9225613
10197442381,53.1616149,8.9226517
10200120761,53.1592375,8.9084434
10200120771,53.1586493,8.9089794
10200120852,53.1608146,8.9135361
10200120863,53.1609301,8.9132263
10200120869,53.1608102,8.9135991
10200120877,53.1606946,8.9130852
10217093618,53.1306878,8.7310231
10269148704,53.1724108,8.6373522
10314264418,53.0655076,8.6526628
10574541595,53.0794561,8.8945195
10574541597,53.0796146,8.8946075
10574541750,53.0790966,8.8839101
10574541754,53.0792939,8.8839849
10574542024,53.0791985,8.8866735
10574542029,53.0794049,8.8867477
10574564804,53.0792482,8.8963328
10606613674,53.0905031,8.7812872
10606613675,53.0901688,8.7815172
10816378505,53.055377,8.6267109
10967544828,53.0696661,8.7771874
10967544830,53.0711625,8.7806243
11018490089,53.0516618,8.8363104
11018490090,53.0516539,8.8365192
11052355463,53.0596664,8.9360611
11065910782,53.0316941,8.6606484
11065946265,53.0383168,8.6717651
11065946274,53.038588,8.6718178
11065946275,53.0401531,8.6765268
11065946276,53.0400976,8.6766137
11065946281,53.0402685,8.6769321
11065946291,53.0403328,8.6766208
11065946292,53.0402454,8.6765088
11065946296,53.0401012,8.6768499
11065946298,53.0401687,8.6769383
11065946303,53.0403433,8.6767908
11065963578,53.0559089,8.6942049
11126570501,53.0592974,8.8978861
11133653810,53.1636875,8.6635026
11148138926,53.1665624,8.6659089
11184543464,53.0534466,8.6773473
11210259368,53.0737659,8.8292426
11210259369,53.0737717,8.8291943
11214322452,53.1384527,8.7376247
11235429441,53.1662262,8.7530838
11295795741,53.0500842,8.6229003
11368658829,53.0487969,8.7403047
11425719487,53.1434716,8.6914811
11547051587,53.0521331,8.64733
11748124654,53.1695857,8.9379909
11776363451,53.1025163,8.8643757
11884730963,53.0426214,8.645507
11896135678,53.0388702,8.6495292
11963488062,53.0477962,8.6372441
12026953013,53.0481289,8.629474
12043229617,53.0856007,8.8560627
12085856501,53.0388518,8.9325345
12085967184,53.0385757,8.8135447
12095458743,53.0804237,8.6219593
12095458744,53.0803738,8.6219484
12137334903,53.0936012,8.6401552
12191943482,53.0395119,8.6726895
12191943490,53.0395496,8.6728877
12255845528,53.0552638,8.6452184
12323812052,53.046644,8.6341107
12486770954,53.0479616,8.7159502
12486770963,53.0480079,8.7161414
12495707692,53.0329325,8.6903114
12639691230,53.1382163,8.8952482
12646788361,53.0626628,8.9131224
12704440782,53.0474293,8.7369185
12805058192,53.1042561,8.7549475
12805058193,53.1042724,8.7551902
12823638281,53.0544694,8.6481912
12851519161,53.0435046,8.8494388
12875867550,53.0397406,8.6759009
12999405864,53.1175961,8.9149071
12999405865,53.1181658,8.9138136
13078122704,53.0735108,8.8446107
13181997889,53.1636728,8.9316273
13241252116,53.1630772,8.6424148
13263937728,53.0471275,8.822983
13290282916,53.1697119,8.9359212
13297074808,53.1795184,8.7317786
13415676170,53.1622841,8.932701
13432449878,53.1349946,8.8985499
13438259888,53.0853282,8.7833725
13511837184,53.0967158,8.6871984
13511837193,53.0971575,8.6914362
13511927249,53.0977001,8.6886285
